-- phpMyAdmin SQL Dump
-- version 5.1.1
-- https://www.phpmyadmin.net/
--
-- Máy chủ: 127.0.0.1
-- Thời gian đã tạo: Th4 24, 2022 lúc 01:30 PM
-- Phiên bản máy phục vụ: 10.4.22-MariaDB
-- Phiên bản PHP: 7.4.27

SET SQL_MODE = "NO_AUTO_VALUE_ON_ZERO";
START TRANSACTION;
SET time_zone = "+00:00";


/*!40101 SET @OLD_CHARACTER_SET_CLIENT=@@CHARACTER_SET_CLIENT */;
/*!40101 SET @OLD_CHARACTER_SET_RESULTS=@@CHARACTER_SET_RESULTS */;
/*!40101 SET @OLD_COLLATION_CONNECTION=@@COLLATION_CONNECTION */;
/*!40101 SET NAMES utf8mb4 */;

--
-- Cơ sở dữ liệu: `laravel_web_tin_tuc`
--

-- --------------------------------------------------------

--
-- Cấu trúc bảng cho bảng `comment`
--

CREATE TABLE `comment` (
  `id` bigint(20) UNSIGNED NOT NULL,
  `id_post` int(11) NOT NULL,
  `id_user` int(11) NOT NULL,
  `comment_post` varchar(255) COLLATE utf8mb4_unicode_ci NOT NULL,
  `comment_type` varchar(255) COLLATE utf8mb4_unicode_ci NOT NULL,
  `comment_id` varchar(255) COLLATE utf8mb4_unicode_ci NOT NULL,
  `id_parent` int(11) NOT NULL,
  `created_at` timestamp NULL DEFAULT NULL,
  `updated_at` timestamp NULL DEFAULT NULL
) ENGINE=InnoDB DEFAULT CHARSET=utf8mb4 COLLATE=utf8mb4_unicode_ci;

-- --------------------------------------------------------

--
-- Cấu trúc bảng cho bảng `migrations`
--

CREATE TABLE `migrations` (
  `id` int(10) UNSIGNED NOT NULL,
  `migration` varchar(255) COLLATE utf8mb4_unicode_ci NOT NULL,
  `batch` int(11) NOT NULL
) ENGINE=InnoDB DEFAULT CHARSET=utf8mb4 COLLATE=utf8mb4_unicode_ci;

--
-- Đang đổ dữ liệu cho bảng `migrations`
--

INSERT INTO `migrations` (`id`, `migration`, `batch`) VALUES
(1, '2014_10_12_000000_create_users_table', 1),
(2, '2019_12_14_000001_create_personal_access_tokens_table', 1),
(3, '2022_04_01_171706_create_posts_table', 2),
(4, '2022_04_01_172845_create_category_table', 3),
(5, '2022_04_02_094529_create_user_table', 3),
(6, '2022_04_03_161533_create_role_table', 4),
(7, '2022_04_03_161848_create_roles_table', 5),
(8, '2014_10_12_100000_create_password_resets_table', 6),
(9, '2022_04_03_162241_create_permmissions_table', 7),
(10, '2022_04_04_094337_create_user_roles_table', 7),
(11, '2022_04_04_094735_create_role_permission_table', 7),
(12, '2022_04_04_104516_create_topic_table', 8),
(13, '2022_04_04_111619_create_post_table', 9),
(14, '2022_04_04_165109_create_comment_table', 10),
(15, '2022_04_05_153636_create_role_table', 11),
(16, '2022_04_05_154142_create_permission_table', 12),
(17, '2022_04_06_162043_add_column_deleted_at_table_users', 13),
(18, '2022_04_07_140346_add_column_parent_id_table_users', 14),
(19, '2022_04_07_152417_add_column_key_permission_table', 15),
(20, '2022_04_12_105814_add_column_deleted_at_table_topic', 16),
(21, '2022_04_12_163027_add_column_image_path_table_post', 17),
(22, '2022_04_21_150401_add_column_slug_table_post', 18);

-- --------------------------------------------------------

--
-- Cấu trúc bảng cho bảng `password_resets`
--

CREATE TABLE `password_resets` (
  `email` varchar(255) COLLATE utf8mb4_unicode_ci NOT NULL,
  `token` varchar(255) COLLATE utf8mb4_unicode_ci NOT NULL,
  `created_at` timestamp NULL DEFAULT NULL
) ENGINE=InnoDB DEFAULT CHARSET=utf8mb4 COLLATE=utf8mb4_unicode_ci;

-- --------------------------------------------------------

--
-- Cấu trúc bảng cho bảng `permissions`
--

CREATE TABLE `permissions` (
  `id` bigint(20) UNSIGNED NOT NULL,
  `name` varchar(255) COLLATE utf8mb4_unicode_ci NOT NULL,
  `created_at` timestamp NULL DEFAULT NULL,
  `updated_at` timestamp NULL DEFAULT NULL,
  `parent_id` int(11) NOT NULL,
  `code_key` varchar(255) COLLATE utf8mb4_unicode_ci NOT NULL
) ENGINE=InnoDB DEFAULT CHARSET=utf8mb4 COLLATE=utf8mb4_unicode_ci;

--
-- Đang đổ dữ liệu cho bảng `permissions`
--

INSERT INTO `permissions` (`id`, `name`, `created_at`, `updated_at`, `parent_id`, `code_key`) VALUES
(1, 'them user', NULL, NULL, 16, 'add_user'),
(2, 'sua user', NULL, NULL, 16, 'edit_user'),
(3, 'xoa user', NULL, NULL, 16, 'delete_user'),
(4, 'them bai viet', NULL, NULL, 17, 'add_post'),
(5, 'sua bai viet', NULL, NULL, 17, 'edit_post'),
(6, 'xoa bai viet', NULL, NULL, 17, 'delete_post'),
(12, 'danh muc', NULL, NULL, 0, ''),
(14, 'them danh muc', NULL, NULL, 12, 'add_topic'),
(15, 'sua danh muc', NULL, NULL, 12, 'edit_topic'),
(16, 'tai khoan', NULL, NULL, 0, ''),
(17, 'bai viet', NULL, NULL, 0, ''),
(18, 'xoa danh muc', NULL, NULL, 12, 'delete_topic'),
(19, 'is_author', NULL, NULL, 88, 'is_author');

-- --------------------------------------------------------

--
-- Cấu trúc bảng cho bảng `permissions_role`
--

CREATE TABLE `permissions_role` (
  `id` bigint(20) UNSIGNED NOT NULL,
  `permission_id` bigint(20) UNSIGNED NOT NULL,
  `role_id` bigint(20) UNSIGNED NOT NULL,
  `created_at` timestamp NULL DEFAULT NULL,
  `updated_at` timestamp NULL DEFAULT NULL
) ENGINE=InnoDB DEFAULT CHARSET=utf8mb4 COLLATE=utf8mb4_unicode_ci;

--
-- Đang đổ dữ liệu cho bảng `permissions_role`
--

INSERT INTO `permissions_role` (`id`, `permission_id`, `role_id`, `created_at`, `updated_at`) VALUES
(28, 4, 1, NULL, NULL),
(29, 5, 1, NULL, NULL),
(30, 6, 1, NULL, NULL),
(41, 4, 2, NULL, NULL),
(42, 5, 2, NULL, NULL),
(68, 15, 1, NULL, NULL),
(69, 18, 1, NULL, NULL),
(72, 2, 1, NULL, NULL),
(73, 3, 1, NULL, NULL),
(77, 1, 1, NULL, NULL),
(78, 14, 1, NULL, NULL),
(79, 6, 2, NULL, NULL),
(80, 19, 2, NULL, NULL);

-- --------------------------------------------------------

--
-- Cấu trúc bảng cho bảng `posts`
--

CREATE TABLE `posts` (
  `id` bigint(20) UNSIGNED NOT NULL,
  `title` varchar(255) COLLATE utf8mb4_unicode_ci NOT NULL,
  `image` varchar(255) COLLATE utf8mb4_unicode_ci NOT NULL,
  `topic` int(11) NOT NULL,
  `summary` text COLLATE utf8mb4_unicode_ci NOT NULL,
  `content` text COLLATE utf8mb4_unicode_ci NOT NULL,
  `user_id` int(11) NOT NULL,
  `highlight` tinyint(4) NOT NULL DEFAULT 0,
  `status` tinyint(4) NOT NULL DEFAULT 0,
  `created_at` timestamp NULL DEFAULT NULL,
  `updated_at` timestamp NULL DEFAULT NULL,
  `image_path` varchar(255) COLLATE utf8mb4_unicode_ci DEFAULT NULL,
  `slug` varchar(255) COLLATE utf8mb4_unicode_ci NOT NULL
) ENGINE=InnoDB DEFAULT CHARSET=utf8mb4 COLLATE=utf8mb4_unicode_ci;

--
-- Đang đổ dữ liệu cho bảng `posts`
--

INSERT INTO `posts` (`id`, `title`, `image`, `topic`, `summary`, `content`, `user_id`, `highlight`, `status`, `created_at`, `updated_at`, `image_path`, `slug`) VALUES
(3, '123.', '3.jpg', 13, '123', '123', 1, 1, 0, NULL, '2022-04-22 08:03:21', '/storage/post/1/jwSoM6N8CsBWpFkpouSD.jpg', '123'),
(4, '123s', '1505647652-messi-ronaldo-cropped_2sbeh3c5l3ee1tigoh7oib06f.jpg', 26, '123', '123', 1, 1, 1, NULL, '2022-04-22 04:55:04', '/storage/post/1/2GXvnIghlCRyUS9X2zWU.jpg', '123s'),
(5, 'ádfsadfsđầ', 'pbs2.jpg', 29, 'ádfsàdsàds', 'fđààdsàđsàd', 1, 0, 1, '2022-04-12 10:26:22', '2022-04-21 10:13:56', '/storage/post/1/gkLegMPF9dZmWsxyd4xX.jpg', 'adfsadfsda'),
(6, 'Lương tối thiểu vùng dự kiến tăng 6%', '1506341437-sdfasfsdf.jpg', 13, '<span style=\"color: rgb(34, 34, 34); font-family: arial; font-size: 18px; background-color: rgb(252, 250, 246);\">Từ ngày 1/7, lương tối thiểu vùng dự kiến tăng 6%, tức thêm 180.000-260.000 đồng so với hiện nay, theo thống nhất của Hội đồng Tiền lương quốc gia.</span>', '<p class=\"Normal\" style=\"margin-right: 0px; margin-bottom: 1em; margin-left: 0px; padding: 0px; text-rendering: optimizespeed; line-height: 28.8px; color: rgb(34, 34, 34); font-family: arial; font-size: 18px; background-color: rgb(252, 250, 246);\">Tại phiên họp sáng 12/4, Hội đồng Tiền lương quốc gia thống nhất sớm trình phương án và thời điểm tăng để Chính phủ quyết định. Nếu được thông qua, lương tối thiểu vùng I sẽ là 4,68 triệu đồng; vùng II lên 4,16 triệu; vùng III đạt 3,64 triệu và vùng IV là 3,25 triệu đồng.</p><p class=\"Normal\" style=\"margin-right: 0px; margin-bottom: 1em; margin-left: 0px; padding: 0px; text-rendering: optimizespeed; line-height: 28.8px; color: rgb(34, 34, 34); font-family: arial; font-size: 18px; background-color: rgb(252, 250, 246);\">Tiền lương tối thiểu giữ nguyên từ ngày 1/1/2020 với vùng I là 4,42 triệu đồng; vùng II 3,92 triệu; vùng III 3,42 triệu và vùng IV 3,07 triệu đồng.</p><div style=\"margin: 0px; padding: 0px; text-rendering: optimizelegibility; color: rgb(34, 34, 34); font-family: arial; font-size: 18px; background-color: rgb(252, 250, 246); text-align: center; width: 670px;\"><div id=\"chart-3931\" data-component=\"true\" data-component-value=\"3931\" class=\"width_common mb20\" data-highcharts-chart=\"1\" style=\"margin: 0px 0px 20px; padding: 0px; text-rendering: optimizelegibility; width: 670px; float: left; overflow: hidden;\"><div id=\"highcharts-xdsmwii-12\" dir=\"ltr\" class=\"highcharts-container \" style=\"margin: 0px; padding: 0px; text-rendering: optimizelegibility; position: relative; overflow: hidden; width: 670px; height: 400px; text-align: left; line-height: normal; z-index: 0; -webkit-tap-highlight-color: rgba(0, 0, 0, 0); font-family: Arial; color: rgb(51, 51, 51); font-size: 12px;\"><svg version=\"1.1\" class=\"highcharts-root\" style=\"fill: rgb(51, 51, 51);\" xmlns=\"http://www.w3.org/2000/svg\" width=\"670\" height=\"400\" viewBox=\"0 0 670 400\"><defs><clipPath id=\"highcharts-xdsmwii-13-\"><rect x=\"0\" y=\"0\" width=\"605\" height=\"282\" fill=\"none\"></rect></clipPath><clipPath id=\"highcharts-xdsmwii-24-\"><rect x=\"0\" y=\"0\" width=\"605\" height=\"282\" fill=\"none\"></rect></clipPath></defs><rect fill=\"#ffffff\" class=\"highcharts-background\" x=\"0\" y=\"0\" width=\"670\" height=\"400\" rx=\"0\" ry=\"0\"></rect><rect fill=\"none\" class=\"highcharts-plot-background\" x=\"55\" y=\"46\" width=\"605\" height=\"282\"></rect><g class=\"highcharts-pane-group\" data-z-index=\"0\"></g><g class=\"highcharts-grid highcharts-xaxis-grid\" data-z-index=\"1\"><path fill=\"none\" data-z-index=\"1\" class=\"highcharts-grid-line\" d=\"M 86.5 46 L 86.5 328\" opacity=\"1\"></path><path fill=\"none\" data-z-index=\"1\" class=\"highcharts-grid-line\" d=\"M 194.5 46 L 194.5 328\" opacity=\"1\"></path><path fill=\"none\" data-z-index=\"1\" class=\"highcharts-grid-line\" d=\"M 302.5 46 L 302.5 328\" opacity=\"1\"></path><path fill=\"none\" data-z-index=\"1\" class=\"highcharts-grid-line\" d=\"M 411.5 46 L 411.5 328\" opacity=\"1\"></path><path fill=\"none\" data-z-index=\"1\" class=\"highcharts-grid-line\" d=\"M 519.5 46 L 519.5 328\" opacity=\"1\"></path><path fill=\"none\" data-z-index=\"1\" class=\"highcharts-grid-line\" d=\"M 627.5 46 L 627.5 328\" opacity=\"1\"></path></g><g class=\"highcharts-grid highcharts-yaxis-grid\" data-z-index=\"1\"><path fill=\"none\" stroke=\"#e6e6e6\" stroke-width=\"1\" data-z-index=\"1\" class=\"highcharts-grid-line\" d=\"M 55 328.5 L 660 328.5\" opacity=\"1\"></path><path fill=\"none\" stroke=\"#e6e6e6\" stroke-width=\"1\" data-z-index=\"1\" class=\"highcharts-grid-line\" d=\"M 55 272.5 L 660 272.5\" opacity=\"1\"></path><path fill=\"none\" stroke=\"#e6e6e6\" stroke-width=\"1\" data-z-index=\"1\" class=\"highcharts-grid-line\" d=\"M 55 215.5 L 660 215.5\" opacity=\"1\"></path><path fill=\"none\" stroke=\"#e6e6e6\" stroke-width=\"1\" data-z-index=\"1\" class=\"highcharts-grid-line\" d=\"M 55 159.5 L 660 159.5\" opacity=\"1\"></path><path fill=\"none\" stroke=\"#e6e6e6\" stroke-width=\"1\" data-z-index=\"1\" class=\"highcharts-grid-line\" d=\"M 55 102.5 L 660 102.5\" opacity=\"1\"></path><path fill=\"none\" stroke=\"#e6e6e6\" stroke-width=\"1\" data-z-index=\"1\" class=\"highcharts-grid-line\" d=\"M 55 45.5 L 660 45.5\" opacity=\"1\"></path></g><rect fill=\"none\" class=\"highcharts-plot-border\" data-z-index=\"1\" x=\"55\" y=\"46\" width=\"605\" height=\"282\"></rect><g class=\"highcharts-axis highcharts-xaxis\" data-z-index=\"2\"><path fill=\"none\" class=\"highcharts-tick\" stroke=\"#ccd6eb\" stroke-width=\"1\" d=\"M 86.5 328 L 86.5 338\" opacity=\"1\"></path><path fill=\"none\" class=\"highcharts-tick\" stroke=\"#ccd6eb\" stroke-width=\"1\" d=\"M 194.5 328 L 194.5 338\" opacity=\"1\"></path><path fill=\"none\" class=\"highcharts-tick\" stroke=\"#ccd6eb\" stroke-width=\"1\" d=\"M 302.5 328 L 302.5 338\" opacity=\"1\"></path><path fill=\"none\" class=\"highcharts-tick\" stroke=\"#ccd6eb\" stroke-width=\"1\" d=\"M 411.5 328 L 411.5 338\" opacity=\"1\"></path><path fill=\"none\" class=\"highcharts-tick\" stroke=\"#ccd6eb\" stroke-width=\"1\" d=\"M 519.5 328 L 519.5 338\" opacity=\"1\"></path><path fill=\"none\" class=\"highcharts-tick\" stroke=\"#ccd6eb\" stroke-width=\"1\" d=\"M 627.5 328 L 627.5 338\" opacity=\"1\"></path><path fill=\"none\" class=\"highcharts-axis-line\" stroke=\"#ccd6eb\" stroke-width=\"1\" data-z-index=\"7\" d=\"M 55 328.5 L 660 328.5\"></path></g><g class=\"highcharts-axis highcharts-yaxis\" data-z-index=\"2\"><text x=\"23.59999990463257\" data-z-index=\"7\" text-anchor=\"middle\" transform=\"translate(0,0) rotate(270 23.59999990463257 187)\" class=\"highcharts-axis-title\" style=\"color:#666666;fill:#666666;\" y=\"187\"><tspan>Values</tspan></text><path fill=\"none\" class=\"highcharts-axis-line\" data-z-index=\"7\" d=\"M 55 46 L 55 328\"></path></g><g class=\"highcharts-series-group\" data-z-index=\"3\"><g data-z-index=\"0.1\" class=\"highcharts-series highcharts-series-0 highcharts-column-series highcharts-color-0 highcharts-tracker\" transform=\"translate(55,46) scale(1 1)\" clip-path=\"url(#highcharts-xdsmwii-24-)\" opacity=\"1\"><rect x=\"16.5\" y=\"169.5\" width=\"7\" height=\"113\" fill=\"#3d5afe\" stroke=\"#ffffff\" stroke-width=\"1\" opacity=\"1\" class=\"highcharts-point highcharts-color-0\"></rect><rect x=\"70.5\" y=\"149.5\" width=\"7\" height=\"133\" fill=\"#3d5afe\" stroke=\"#ffffff\" stroke-width=\"1\" opacity=\"1\" class=\"highcharts-point highcharts-color-0\"></rect><rect x=\"124.5\" y=\"130.5\" width=\"7\" height=\"152\" fill=\"#3d5afe\" stroke=\"#ffffff\" stroke-width=\"1\" opacity=\"1\" class=\"highcharts-point highcharts-color-0\"></rect><rect x=\"178.5\" y=\"107.5\" width=\"7\" height=\"175\" fill=\"#3d5afe\" stroke=\"#ffffff\" stroke-width=\"1\" opacity=\"1\" class=\"highcharts-point highcharts-color-0\"></rect><rect x=\"232.5\" y=\"85.5\" width=\"7\" height=\"197\" fill=\"#3d5afe\" stroke=\"#ffffff\" stroke-width=\"1\" opacity=\"1\" class=\"highcharts-point highcharts-color-0\"></rect><rect x=\"286.5\" y=\"71.5\" width=\"7\" height=\"211\" fill=\"rgb(61,90,254)\" stroke=\"#ffffff\" stroke-width=\"1\" opacity=\"1\" class=\"highcharts-point highcharts-color-0\"></rect><rect x=\"340.5\" y=\"58.5\" width=\"7\" height=\"224\" fill=\"#3d5afe\" stroke=\"#ffffff\" stroke-width=\"1\" opacity=\"1\" class=\"highcharts-point highcharts-color-0\"></rect><rect x=\"394.5\" y=\"46.5\" width=\"7\" height=\"236\" fill=\"#3d5afe\" stroke=\"#ffffff\" stroke-width=\"1\" opacity=\"1\" class=\"highcharts-point highcharts-color-0\"></rect><rect x=\"448.5\" y=\"33.5\" width=\"7\" height=\"249\" fill=\"#3d5afe\" stroke=\"#ffffff\" stroke-width=\"1\" opacity=\"1\" class=\"highcharts-point highcharts-color-0\"></rect><rect x=\"556.5\" y=\"18.5\" width=\"7\" height=\"264\" fill=\"#3d5afe\" stroke=\"#ffffff\" stroke-width=\"1\" opacity=\"1\" class=\"highcharts-point highcharts-color-0\"></rect></g><g data-z-index=\"0.1\" class=\"highcharts-markers highcharts-series-0 highcharts-column-series highcharts-color-0\" transform=\"translate(55,46) scale(1 1)\" clip-path=\"none\" opacity=\"1\"></g><g data-z-index=\"0.1\" class=\"highcharts-series highcharts-series-1 highcharts-column-series highcharts-color-1 highcharts-tracker\" transform=\"translate(55,46) scale(1 1)\" clip-path=\"url(#highcharts-xdsmwii-24-)\" opacity=\"1\"><rect x=\"24.5\" y=\"182.5\" width=\"7\" height=\"100\" fill=\"#0097a7\" stroke=\"#ffffff\" stroke-width=\"1\" opacity=\"1\" class=\"highcharts-point highcharts-color-1\"></rect><rect x=\"78.5\" y=\"164.5\" width=\"7\" height=\"118\" fill=\"#0097a7\" stroke=\"#ffffff\" stroke-width=\"1\" opacity=\"1\" class=\"highcharts-point highcharts-color-1\"></rect><rect x=\"132.5\" y=\"147.5\" width=\"7\" height=\"135\" fill=\"#0097a7\" stroke=\"#ffffff\" stroke-width=\"1\" opacity=\"1\" class=\"highcharts-point highcharts-color-1\"></rect><rect x=\"186.5\" y=\"127.5\" width=\"7\" height=\"155\" fill=\"#0097a7\" stroke=\"#ffffff\" stroke-width=\"1\" opacity=\"1\" class=\"highcharts-point highcharts-color-1\"></rect><rect x=\"240.5\" y=\"107.5\" width=\"7\" height=\"175\" fill=\"#0097a7\" stroke=\"#ffffff\" stroke-width=\"1\" opacity=\"1\" class=\"highcharts-point highcharts-color-1\"></rect><rect x=\"294.5\" y=\"95.5\" width=\"7\" height=\"187\" fill=\"#0097a7\" stroke=\"#ffffff\" stroke-width=\"1\" opacity=\"1\" class=\"highcharts-point highcharts-color-1\"></rect><rect x=\"348.5\" y=\"83.5\" width=\"7\" height=\"199\" fill=\"#0097a7\" stroke=\"#ffffff\" stroke-width=\"1\" opacity=\"1\" class=\"highcharts-point highcharts-color-1\"></rect><rect x=\"402.5\" y=\"73.5\" width=\"7\" height=\"209\" fill=\"#0097a7\" stroke=\"#ffffff\" stroke-width=\"1\" opacity=\"1\" class=\"highcharts-point highcharts-color-1\"></rect><rect x=\"456.5\" y=\"61.5\" width=\"7\" height=\"221\" fill=\"#0097a7\" stroke=\"#ffffff\" stroke-width=\"1\" opacity=\"1\" class=\"highcharts-point highcharts-color-1\"></rect><rect x=\"564.5\" y=\"47.5\" width=\"7\" height=\"235\" fill=\"#0097a7\" stroke=\"#ffffff\" stroke-width=\"1\" opacity=\"1\" class=\"highcharts-point highcharts-color-1\"></rect></g><g data-z-index=\"0.1\" class=\"highcharts-markers highcharts-series-1 highcharts-column-series highcharts-color-1\" transform=\"translate(55,46) scale(1 1)\" clip-path=\"none\" opacity=\"1\"></g><g data-z-index=\"0.1\" class=\"highcharts-series highcharts-series-2 highcharts-column-series highcharts-color-2 highcharts-tracker\" transform=\"translate(55,46) scale(1 1)\" clip-path=\"url(#highcharts-xdsmwii-24-)\" opacity=\"1\"><rect x=\"32.5\" y=\"195.5\" width=\"7\" height=\"87\" fill=\"#4caf50\" stroke=\"#ffffff\" stroke-width=\"1\" opacity=\"1\" class=\"highcharts-point highcharts-color-2\"></rect><rect x=\"86.5\" y=\"180.5\" width=\"7\" height=\"102\" fill=\"#4caf50\" stroke=\"#ffffff\" stroke-width=\"1\" opacity=\"1\" class=\"highcharts-point highcharts-color-2\"></rect><rect x=\"140.5\" y=\"164.5\" width=\"7\" height=\"118\" fill=\"#4caf50\" stroke=\"#ffffff\" stroke-width=\"1\" opacity=\"1\" class=\"highcharts-point highcharts-color-2\"></rect><rect x=\"194.5\" y=\"147.5\" width=\"7\" height=\"135\" fill=\"#4caf50\" stroke=\"#ffffff\" stroke-width=\"1\" opacity=\"1\" class=\"highcharts-point highcharts-color-2\"></rect><rect x=\"248.5\" y=\"130.5\" width=\"7\" height=\"152\" fill=\"rgb(76,175,80)\" stroke=\"#ffffff\" stroke-width=\"1\" opacity=\"1\" class=\"highcharts-point highcharts-color-2\"></rect><rect x=\"302.5\" y=\"118.5\" width=\"7\" height=\"164\" fill=\"#4caf50\" stroke=\"#ffffff\" stroke-width=\"1\" opacity=\"1\" class=\"highcharts-point highcharts-color-2\"></rect><rect x=\"356.5\" y=\"108.5\" width=\"7\" height=\"174\" fill=\"#4caf50\" stroke=\"#ffffff\" stroke-width=\"1\" opacity=\"1\" class=\"highcharts-point highcharts-color-2\"></rect><rect x=\"410.5\" y=\"99.5\" width=\"7\" height=\"183\" fill=\"#4caf50\" stroke=\"#ffffff\" stroke-width=\"1\" opacity=\"1\" class=\"highcharts-point highcharts-color-2\"></rect><rect x=\"464.5\" y=\"89.5\" width=\"7\" height=\"193\" fill=\"#4caf50\" stroke=\"#ffffff\" stroke-width=\"1\" opacity=\"1\" class=\"highcharts-point highcharts-color-2\"></rect><rect x=\"572.5\" y=\"77.5\" width=\"7\" height=\"205\" fill=\"#4caf50\" stroke=\"#ffffff\" stroke-width=\"1\" opacity=\"1\" class=\"highcharts-point highcharts-color-2\"></rect></g><g data-z-index=\"0.1\" class=\"highcharts-markers highcharts-series-2 highcharts-column-series highcharts-color-2\" transform=\"translate(55,46) scale(1 1)\" clip-path=\"none\" opacity=\"1\"></g><g data-z-index=\"0.1\" class=\"highcharts-series highcharts-series-3 highcharts-column-series highcharts-color-3 highcharts-tracker\" transform=\"translate(55,46) scale(1 1)\" clip-path=\"url(#highcharts-xdsmwii-24-)\" opacity=\"1\"><rect x=\"40.5\" y=\"203.5\" width=\"7\" height=\"79\" fill=\"#689f38\" stroke=\"#ffffff\" stroke-width=\"1\" opacity=\"1\" class=\"highcharts-point highcharts-color-3\"></rect><rect x=\"94.5\" y=\"189.5\" width=\"7\" height=\"93\" fill=\"#689f38\" stroke=\"#ffffff\" stroke-width=\"1\" opacity=\"1\" class=\"highcharts-point highcharts-color-3\"></rect><rect x=\"148.5\" y=\"175.5\" width=\"7\" height=\"107\" fill=\"#689f38\" stroke=\"#ffffff\" stroke-width=\"1\" opacity=\"1\" class=\"highcharts-point highcharts-color-3\"></rect><rect x=\"202.5\" y=\"161.5\" width=\"7\" height=\"121\" fill=\"#689f38\" stroke=\"#ffffff\" stroke-width=\"1\" opacity=\"1\" class=\"highcharts-point highcharts-color-3\"></rect><rect x=\"256.5\" y=\"147.5\" width=\"7\" height=\"135\" fill=\"rgb(104,159,56)\" stroke=\"#ffffff\" stroke-width=\"1\" opacity=\"1\" class=\"highcharts-point highcharts-color-3\"></rect><rect x=\"310.5\" y=\"136.5\" width=\"7\" height=\"146\" fill=\"#689f38\" stroke=\"#ffffff\" stroke-width=\"1\" opacity=\"1\" class=\"highcharts-point highcharts-color-3\"></rect><rect x=\"364.5\" y=\"126.5\" width=\"7\" height=\"156\" fill=\"#689f38\" stroke=\"#ffffff\" stroke-width=\"1\" opacity=\"1\" class=\"highcharts-point highcharts-color-3\"></rect><rect x=\"418.5\" y=\"117.5\" width=\"7\" height=\"165\" fill=\"#689f38\" stroke=\"#ffffff\" stroke-width=\"1\" opacity=\"1\" class=\"highcharts-point highcharts-color-3\"></rect><rect x=\"472.5\" y=\"109.5\" width=\"7\" height=\"173\" fill=\"#689f38\" stroke=\"#ffffff\" stroke-width=\"1\" opacity=\"1\" class=\"highcharts-point highcharts-color-3\"></rect><rect x=\"581.5\" y=\"99.5\" width=\"7\" height=\"183\" fill=\"#689f38\" stroke=\"#ffffff\" stroke-width=\"1\" opacity=\"1\" class=\"highcharts-point highcharts-color-3\"></rect></g><g data-z-index=\"0.1\" class=\"highcharts-markers highcharts-series-3 highcharts-column-series highcharts-color-3\" transform=\"translate(55,46) scale(1 1)\" clip-path=\"none\" opacity=\"1\"></g><g data-z-index=\"0.1\" class=\"highcharts-series highcharts-series-4 highcharts-spline-series highcharts-color-4\" transform=\"translate(55,46) scale(1 1)\" clip-path=\"url(#highcharts-xdsmwii-24-)\" opacity=\"1\"><path fill=\"none\" d=\"M 32.41071428571 187.248 C 32.41071428571 187.248 64.8214285714248 177.54719999999975 86.428571428568 170.892 C 108.03571428571281 164.23679999999973 118.83928571428518 161.0784000000008 140.44642857143 153.972 C 162.05357142857002 146.8656000000008 172.85714285714002 142.4663999999993 194.46428571428 135.35999999999999 C 216.07142857142398 128.25359999999932 226.874999999996 124.41839999999999 248.48214285714 118.44 C 270.089285714284 112.4616 280.892857142856 110.43120000000002 302.5 105.46800000000002 C 324.107142857144 100.50480000000002 334.910714285716 97.79760000000003 356.51785714286 93.62400000000002 C 378.125000000004 89.45040000000002 388.928571428576 88.66080000000038 410.53571428572 84.6 C 432.14285714285995 80.53920000000038 442.9464285714301 76.32799999999962 464.55357142857 73.32 C 507.76785714285796 67.30399999999963 572.58928571429 62.04000000000002 572.58928571429 62.04000000000002\" class=\"highcharts-graph\" data-z-index=\"1\" stroke=\"#ff7043\" stroke-width=\"2\" stroke-linejoin=\"round\" stroke-linecap=\"round\"></path><path fill=\"none\" d=\"M 22.41071428571 187.248 L 32.41071428571 187.248 C 32.41071428571 187.248 64.8214285714248 177.54719999999975 86.428571428568 170.892 C 108.03571428571281 164.23679999999973 118.83928571428518 161.0784000000008 140.44642857143 153.972 C 162.05357142857002 146.8656000000008 172.85714285714002 142.4663999999993 194.46428571428 135.35999999999999 C 216.07142857142398 128.25359999999932 226.874999999996 124.41839999999999 248.48214285714 118.44 C 270.089285714284 112.4616 280.892857142856 110.43120000000002 302.5 105.46800000000002 C 324.107142857144 100.50480000000002 334.910714285716 97.79760000000003 356.51785714286 93.62400000000002 C 378.125000000004 89.45040000000002 388.928571428576 88.66080000000038 410.53571428572 84.6 C 432.14285714285995 80.53920000000038 442.9464285714301 76.32799999999962 464.55357142857 73.32 C 507.76785714285796 67.30399999999963 572.58928571429 62.04000000000002 572.58928571429 62.04000000000002 L 582.58928571429 62.04000000000002\" visibility=\"visible\" data-z-index=\"2\" class=\"highcharts-tracker-line\" stroke-linejoin=\"round\" stroke=\"rgba(192,192,192,0.0001)\" stroke-width=\"22\"></path></g><g data-z-index=\"0.1\" class=\"highcharts-markers highcharts-series-4 highcharts-spline-series highcharts-color-4 highcharts-tracker\" transform=\"translate(55,46) scale(1 1)\" clip-path=\"none\" opacity=\"1\"><path fill=\"#ff7043\" d=\"M 356 93.62400000000002 A 0 0 0 1 1 356 93.62400000000002 Z\" class=\"highcharts-halo highcharts-color-4\" data-z-index=\"-1\" fill-opacity=\"0.25\" visibility=\"hidden\"></path><path fill=\"#ff7043\" d=\"M 32 191 A 4 4 0 1 1 32.00399999933334 190.99999800000018 Z\" opacity=\"1\" class=\"highcharts-point highcharts-color-4\"></path><path fill=\"#ff7043\" d=\"M 86 175 A 4 4 0 1 1 86.00399999933333 174.99999800000018 Z\" opacity=\"1\" class=\"highcharts-point highcharts-color-4\"></path><path fill=\"#ff7043\" d=\"M 140 158 A 4 4 0 1 1 140.00399999933333 157.99999800000018 Z\" opacity=\"1\" class=\"highcharts-point highcharts-color-4\"></path><path fill=\"#ff7043\" d=\"M 194 139.35999999999999 A 4 4 0 1 1 194.00399999933333 139.35999800000016 Z\" opacity=\"1\" class=\"highcharts-point highcharts-color-4\" stroke-width=\"0.000007312137235704341\"></path><path fill=\"#ff7043\" d=\"M 248 122.44 A 4 4 0 1 1 248.00399999933333 122.43999800000016 Z\" opacity=\"1\" class=\"highcharts-point highcharts-color-4\" stroke-width=\"0.0000025574346958490146\"></path><path fill=\"#ff7043\" d=\"M 302 109.46800000000002 A 4 4 0 1 1 302.00399999933336 109.46799800000018 Z\" opacity=\"1\" class=\"highcharts-point highcharts-color-4\" stroke-width=\"0.0007453097906021666\"></path><path fill=\"#ff7043\" d=\"M 356 97.62400000000002 A 4 4 0 1 1 356.00399999933336 97.62399800000019 Z\" opacity=\"1\" class=\"highcharts-point highcharts-color-4\" stroke-width=\"0.0000028336562932218534\"></path><path fill=\"#ff7043\" d=\"M 410 88.6 A 4 4 0 1 1 410.00399999933336 88.59999800000016 Z\" opacity=\"1\" class=\"highcharts-point highcharts-color-4\" stroke-width=\"0.00003947789809188862\"></path><path fill=\"#ff7043\" d=\"M 464 77 A 4 4 0 1 1 464.00399999933336 76.99999800000016 Z\" opacity=\"1\" class=\"highcharts-point highcharts-color-4\"></path><path fill=\"#ff7043\" d=\"M 572 66 A 4 4 0 1 1 572.0039999993334 65.99999800000016 Z\" opacity=\"1\" class=\"highcharts-point highcharts-color-4\"></path></g></g><g class=\"highcharts-exporting-group\" data-z-index=\"3\"><g class=\"highcharts-button highcharts-contextbutton\" stroke-linecap=\"round\" transform=\"translate(636,10)\"><rect fill=\"#ffffff\" class=\"highcharts-button-box\" x=\"0.5\" y=\"0.5\" width=\"24\" height=\"22\" rx=\"2\" ry=\"2\" stroke=\"none\" stroke-width=\"1\"></rect><path fill=\"#666666\" d=\"M 6 6.5 L 20 6.5 M 6 11.5 L 20 11.5 M 6 16.5 L 20 16.5\" class=\"highcharts-button-symbol\" data-z-index=\"1\" stroke=\"#666666\" stroke-width=\"3\"></path><text x=\"0\" data-z-index=\"1\" style=\"cursor: pointer; fill: rgb(51, 51, 51);\" y=\"12\"></text></g></g><text x=\"335\" text-anchor=\"middle\" class=\"highcharts-title\" data-z-index=\"4\" style=\"font-size: 18px; fill: rgb(51, 51, 51);\" y=\"24\"><tspan>Lương tối thiểu vùng từ năm 2012 đến nay</tspan></text><text x=\"335\" text-anchor=\"middle\" class=\"highcharts-subtitle\" data-z-index=\"4\" style=\"color: rgb(102, 102, 102); fill: rgb(102, 102, 102);\" y=\"45\"></text><text x=\"10\" text-anchor=\"start\" class=\"highcharts-caption\" data-z-index=\"4\" style=\"color:#666666;fill:#666666;\" y=\"397\"></text><g class=\"highcharts-legend\" data-z-index=\"7\" transform=\"translate(119,360)\"><rect fill=\"none\" class=\"highcharts-legend-box\" rx=\"0\" ry=\"0\" x=\"0\" y=\"0\" width=\"431\" height=\"25\" visibility=\"visible\"></rect><g data-z-index=\"1\"><g><g class=\"highcharts-legend-item highcharts-column-series highcharts-color-0 highcharts-series-0\" data-z-index=\"1\" transform=\"translate(8,3)\"><text x=\"21\" style=\"cursor: pointer; font-weight: bold; fill: rgb(51, 51, 51);\" text-anchor=\"start\" data-z-index=\"2\" y=\"15\"><tspan>Vùng I</tspan></text><rect x=\"2\" y=\"4\" width=\"12\" height=\"12\" fill=\"#3d5afe\" rx=\"6\" ry=\"6\" class=\"highcharts-point\" data-z-index=\"3\"></rect></g><g class=\"highcharts-legend-item highcharts-column-series highcharts-color-1 highcharts-series-1\" data-z-index=\"1\" transform=\"translate(86.4625015258789,3)\"><text x=\"21\" y=\"15\" style=\"cursor: pointer; font-weight: bold; fill: rgb(51, 51, 51);\" text-anchor=\"start\" data-z-index=\"2\"><tspan>Vùng II</tspan></text><rect x=\"2\" y=\"4\" width=\"12\" height=\"12\" fill=\"#0097a7\" rx=\"6\" ry=\"6\" class=\"highcharts-point\" data-z-index=\"3\"></rect></g><g class=\"highcharts-legend-item highcharts-column-series highcharts-color-2 highcharts-series-2\" data-z-index=\"1\" transform=\"translate(168.26250076293945,3)\"><text x=\"21\" y=\"15\" style=\"cursor: pointer; font-weight: bold; fill: rgb(51, 51, 51);\" text-anchor=\"start\" data-z-index=\"2\"><tspan>Vùng III</tspan></text><rect x=\"2\" y=\"4\" width=\"12\" height=\"12\" fill=\"#4caf50\" rx=\"6\" ry=\"6\" class=\"highcharts-point\" data-z-index=\"3\"></rect></g><g class=\"highcharts-legend-item highcharts-column-series highcharts-color-3 highcharts-series-3\" data-z-index=\"1\" transform=\"translate(253.4000015258789,3)\"><text x=\"21\" y=\"15\" style=\"cursor: pointer; font-weight: bold; fill: rgb(51, 51, 51);\" text-anchor=\"start\" data-z-index=\"2\"><tspan>Vùng IV</tspan></text><rect x=\"2\" y=\"4\" width=\"12\" height=\"12\" fill=\"#689f38\" rx=\"6\" ry=\"6\" class=\"highcharts-point\" data-z-index=\"3\"></rect></g><g class=\"highcharts-legend-item highcharts-spline-series highcharts-color-4 highcharts-series-4\" data-z-index=\"1\" transform=\"translate(340.66211318969727,3)\"><path fill=\"none\" d=\"M 0 11 L 16 11\" class=\"highcharts-graph\" stroke=\"#ff7043\" stroke-width=\"2\"></path><path fill=\"#ff7043\" d=\"M 8 15 A 4 4 0 1 1 8.003999999333336 14.999998000000167 Z\" class=\"highcharts-point\" opacity=\"1\"></path><text x=\"21\" y=\"15\" style=\"cursor: pointer; font-weight: bold; fill: rgb(51, 51, 51);\" text-anchor=\"start\" data-z-index=\"2\"><tspan>Trung bình</tspan></text></g></g></g></g><g class=\"highcharts-axis-labels highcharts-xaxis-labels\" data-z-index=\"7\"><text x=\"87.41071428571\" style=\"color:#666666;cursor:default;font-size:11px;fill:#666666;\" text-anchor=\"middle\" transform=\"translate(0,0)\" y=\"347\" opacity=\"1\">2012</text><text x=\"195.44642857143\" style=\"color:#666666;cursor:default;font-size:11px;fill:#666666;\" text-anchor=\"middle\" transform=\"translate(0,0)\" y=\"347\" opacity=\"1\">2014</text><text x=\"303.48214285714\" style=\"color:#666666;cursor:default;font-size:11px;fill:#666666;\" text-anchor=\"middle\" transform=\"translate(0,0)\" y=\"347\" opacity=\"1\">2016</text><text x=\"411.51785714286\" style=\"color:#666666;cursor:default;font-size:11px;fill:#666666;\" text-anchor=\"middle\" transform=\"translate(0,0)\" y=\"347\" opacity=\"1\">2018</text><text x=\"519.55357142857\" style=\"color:#666666;cursor:default;font-size:11px;fill:#666666;\" text-anchor=\"middle\" transform=\"translate(0,0)\" y=\"347\" opacity=\"1\">2020</text><text x=\"627.58928571429\" style=\"color:#666666;cursor:default;font-size:11px;fill:#666666;\" text-anchor=\"middle\" transform=\"translate(0,0)\" y=\"347\" opacity=\"1\">2022</text></g><g class=\"highcharts-axis-labels highcharts-yaxis-labels\" data-z-index=\"7\"><text x=\"40\" style=\"color:#666666;cursor:default;font-size:11px;fill:#666666;\" text-anchor=\"end\" transform=\"translate(0,0)\" y=\"333\" opacity=\"1\">0</text><text x=\"40\" style=\"color:#666666;cursor:default;font-size:11px;fill:#666666;\" text-anchor=\"end\" transform=\"translate(0,0)\" y=\"277\" opacity=\"1\">1</text><text x=\"40\" style=\"color:#666666;cursor:default;font-size:11px;fill:#666666;\" text-anchor=\"end\" transform=\"translate(0,0)\" y=\"220\" opacity=\"1\">2</text><text x=\"40\" style=\"color:#666666;cursor:default;font-size:11px;fill:#666666;\" text-anchor=\"end\" transform=\"translate(0,0)\" y=\"164\" opacity=\"1\">3</text><text x=\"40\" style=\"color:#666666;cursor:default;font-size:11px;fill:#666666;\" text-anchor=\"end\" transform=\"translate(0,0)\" y=\"107\" opacity=\"1\">4</text><text x=\"40\" style=\"color:#666666;cursor:default;font-size:11px;fill:#666666;\" text-anchor=\"end\" transform=\"translate(0,0)\" y=\"51\" opacity=\"1\">5</text></g><text x=\"660\" class=\"highcharts-credits\" text-anchor=\"end\" data-z-index=\"8\" style=\"cursor:pointer;color:#999999;fill:#999999;\" y=\"395\">VnExpress</text><g class=\"highcharts-label highcharts-tooltip        highcharts-color-4\" style=\"white-space:nowrap;pointer-events:none;\" data-z-index=\"8\" transform=\"translate(355,-9999)\" opacity=\"0\" visibility=\"visible\"><path fill=\"none\" class=\"highcharts-label-box highcharts-tooltip-box highcharts-shadow\" d=\"M 3.5 0.5 L 112.5 0.5 C 115.5 0.5 115.5 0.5 115.5 3.5 L 115.5 39.5 C 115.5 42.5 115.5 42.5 112.5 42.5 L 62.5 42.5 56.5 48.5 50.5 42.5 3.5 42.5 C 0.5 42.5 0.5 42.5 0.5 39.5 L 0.5 3.5 C 0.5 0.5 0.5 0.5 3.5 0.5\" stroke=\"#000000\" stroke-opacity=\"0.049999999999999996\" stroke-width=\"5\" transform=\"translate(1, 1)\"></path><path fill=\"none\" class=\"highcharts-label-box highcharts-tooltip-box highcharts-shadow\" d=\"M 3.5 0.5 L 112.5 0.5 C 115.5 0.5 115.5 0.5 115.5 3.5 L 115.5 39.5 C 115.5 42.5 115.5 42.5 112.5 42.5 L 62.5 42.5 56.5 48.5 50.5 42.5 3.5 42.5 C 0.5 42.5 0.5 42.5 0.5 39.5 L 0.5 3.5 C 0.5 0.5 0.5 0.5 3.5 0.5\" stroke=\"#000000\" stroke-opacity=\"0.09999999999999999\" stroke-width=\"3\" transform=\"translate(1, 1)\"></path><path fill=\"none\" class=\"highcharts-label-box highcharts-tooltip-box highcharts-shadow\" d=\"M 3.5 0.5 L 112.5 0.5 C 115.5 0.5 115.5 0.5 115.5 3.5 L 115.5 39.5 C 115.5 42.5 115.5 42.5 112.5 42.5 L 62.5 42.5 56.5 48.5 50.5 42.5 3.5 42.5 C 0.5 42.5 0.5 42.5 0.5 39.5 L 0.5 3.5 C 0.5 0.5 0.5 0.5 3.5 0.5\" stroke=\"#000000\" stroke-opacity=\"0.15\" stroke-width=\"1\" transform=\"translate(1, 1)\"></path><path fill=\"rgba(247,247,247,0.85)\" class=\"highcharts-label-box highcharts-tooltip-box\" d=\"M 3.5 0.5 L 112.5 0.5 C 115.5 0.5 115.5 0.5 115.5 3.5 L 115.5 39.5 C 115.5 42.5 115.5 42.5 112.5 42.5 L 62.5 42.5 56.5 48.5 50.5 42.5 3.5 42.5 C 0.5 42.5 0.5 42.5 0.5 39.5 L 0.5 3.5 C 0.5 0.5 0.5 0.5 3.5 0.5\" stroke=\"#ff7043\" stroke-width=\"1\"></path><text x=\"8\" data-z-index=\"1\" style=\"cursor: default; fill: rgb(51, 51, 51);\" y=\"20\"><tspan style=\"font-size: 10px\">2018</tspan><tspan style=\"fill:#ff7043\" x=\"8\" dy=\"15\">●</tspan><tspan dx=\"0\"></tspan></text></g></svg>&nbsp;Trung bình:&nbsp;<tspan style=\"font-weight:bold\" dx=\"0\">3.34</tspan></div></div></div><p class=\"Normal\" style=\"margin-right: 0px; margin-bottom: 1em; margin-left: 0px; padding: 0px; text-rendering: optimizespeed; line-height: 28.8px; color: rgb(34, 34, 34); font-family: arial; font-size: 18px; background-color: rgb(252, 250, 246);\">Ông Hoàng Quang Phòng, Phó chủ tịch Liên đoàn Thương mại và công nghiệp Việt Nam (VCCI), bày tỏ lo lắng khi thời điểm tăng lương kéo dài từ 1/7/2022 đến hết 31/12/2023. Ông ví cộng đồng doanh nghiệp sau mấy đợt dịch Covid-19 như \"người mới ốm dậy\", việc tăng lương từ giữa năm nay khiến doanh nghiệp phải điều chỉnh phương án sản xuất kinh doanh, chỉ số, đơn hàng...</p><p class=\"Normal\" style=\"margin-right: 0px; margin-bottom: 1em; margin-left: 0px; padding: 0px; text-rendering: optimizespeed; line-height: 28.8px; color: rgb(34, 34, 34); font-family: arial; font-size: 18px; background-color: rgb(252, 250, 246);\">Tổng Liên đoàn Lao động Việt Nam lại kỳ vọng mức tăng 7-8% (dao động 215.000-354.000 đồng) vì mức này mới phù hợp sau hai năm chưa điều chỉnh và bù đắp phần nào trượt giá. Đại diện công đoàn chia sẻ khó khăn với doanh nghiệp, song người lao động cũng đã đến ngưỡng chịu đựng khi vật giá leo thang, giảm thu nhập do ảnh hưởng của đại dịch.</p><p class=\"Normal\" style=\"margin-right: 0px; margin-bottom: 1em; margin-left: 0px; padding: 0px; text-rendering: optimizespeed; line-height: 28.8px; color: rgb(34, 34, 34); font-family: arial; font-size: 18px; background-color: rgb(252, 250, 246);\">\"Hình ảnh người lao động&nbsp;<a href=\"https://vnexpress.net/xep-hang-tu-rang-sang-rut-bao-hiem-xa-hoi-mot-lan-4449129.html\" rel=\"dofollow\" style=\"margin: 0px; padding: 0px 0px 1px; text-rendering: optimizelegibility; color: rgb(7, 109, 182); position: relative; text-underline-position: under; border-bottom-width: 1px; border-bottom-style: solid;\">xếp hàng từ mờ sáng</a>&nbsp;chờ rút bảo hiểm xã hội một lần những ngày qua rất đáng suy nghĩ để các bên thảo luận về mức lương tối thiểu vùng hợp lý\", đại diện công đoàn chia sẻ.</p><div style=\"margin: 0px; padding: 0px; text-rendering: optimizelegibility; color: rgb(34, 34, 34); font-family: arial; font-size: 18px; background-color: rgb(252, 250, 246); text-align: center; width: 670px;\"><figure data-size=\"true\" itemprop=\"associatedMedia image\" itemscope=\"\" itemtype=\"http://schema.org/ImageObject\" class=\"tplCaption action_thumb_added\" style=\"margin-right: auto; margin-bottom: 15px; margin-left: auto; padding: 0px; text-rendering: optimizelegibility; max-width: 100%; clear: both; position: relative; width: 670px; float: left;\"><div class=\"fig-picture\" style=\"margin: 0px; padding: 0px 0px 446.663px; text-rendering: optimizelegibility; width: 670px; float: left; display: table; justify-content: center; background: rgb(240, 238, 234); position: relative;\"><picture style=\"margin: 0px; padding: 0px; text-rendering: optimizelegibility;\"><source data-srcset=\"https://i1-vnexpress.vnecdn.net/2022/04/12/8-JPG-3751-1649734601.jpg?w=680&amp;h=0&amp;q=100&amp;dpr=1&amp;fit=crop&amp;s=0DqF35JKC_KCIjDv5abKAA 1x, https://i1-vnexpress.vnecdn.net/2022/04/12/8-JPG-3751-1649734601.jpg?w=1020&amp;h=0&amp;q=100&amp;dpr=1&amp;fit=crop&amp;s=8GLm6i8MLL7UMAr4NeU4uQ 1.5x, https://i1-vnexpress.vnecdn.net/2022/04/12/8-JPG-3751-1649734601.jpg?w=680&amp;h=0&amp;q=100&amp;dpr=2&amp;fit=crop&amp;s=BNv09mps3dF2yNexWvVkKw 2x\" srcset=\"https://i1-vnexpress.vnecdn.net/2022/04/12/8-JPG-3751-1649734601.jpg?w=680&amp;h=0&amp;q=100&amp;dpr=1&amp;fit=crop&amp;s=0DqF35JKC_KCIjDv5abKAA 1x, https://i1-vnexpress.vnecdn.net/2022/04/12/8-JPG-3751-1649734601.jpg?w=1020&amp;h=0&amp;q=100&amp;dpr=1&amp;fit=crop&amp;s=8GLm6i8MLL7UMAr4NeU4uQ 1.5x, https://i1-vnexpress.vnecdn.net/2022/04/12/8-JPG-3751-1649734601.jpg?w=680&amp;h=0&amp;q=100&amp;dpr=2&amp;fit=crop&amp;s=BNv09mps3dF2yNexWvVkKw 2x\" style=\"margin: 0px; padding: 0px; text-rendering: optimizelegibility;\"><img itemprop=\"contentUrl\" loading=\"lazy\" intrinsicsize=\"680x0\" alt=\"Công nhân xếp hàng tại trụ sở Bảo hiểm xã hội TP Thủ Đức, TP HCM, để rút bảo hiểm xã hội một lần ngày 9/4. Ảnh: Đình Văn\" class=\"lazy lazied\" src=\"https://i1-vnexpress.vnecdn.net/2022/04/12/8-JPG-3751-1649734601.jpg?w=680&amp;h=0&amp;q=100&amp;dpr=1&amp;fit=crop&amp;s=0DqF35JKC_KCIjDv5abKAA\" data-src=\"https://i1-vnexpress.vnecdn.net/2022/04/12/8-JPG-3751-1649734601.jpg?w=680&amp;h=0&amp;q=100&amp;dpr=1&amp;fit=crop&amp;s=0DqF35JKC_KCIjDv5abKAA\" data-ll-status=\"loaded\" style=\"margin: 0px; padding: 0px; text-rendering: optimizelegibility; border: 0px; font-size: 0px; line-height: 0; max-width: 100%; position: absolute; top: 0px; left: 0px; max-height: 700px; width: 670px;\"></picture></div><figcaption itemprop=\"description\" style=\"margin: 0px; padding: 0px; text-rendering: optimizelegibility; width: 670px; float: left; text-align: left;\"><p class=\"Image\" style=\"margin-right: 0px; margin-bottom: 0px; margin-left: 0px; padding: 10px 0px 0px; text-rendering: optimizespeed; font-variant-numeric: normal; font-variant-east-asian: normal; font-stretch: normal; font-size: 14px; line-height: 22.4px;\">Công nhân xếp hàng tại trụ sở Bảo hiểm xã hội TP Thủ Đức, TP HCM, để rút bảo hiểm xã hội một lần ngày 9/4. Ảnh:&nbsp;<em style=\"margin: 0px; padding: 0px; text-rendering: optimizelegibility;\">Đình Văn</em></p></figcaption></figure></div><p class=\"Normal\" style=\"margin-right: 0px; margin-bottom: 1em; margin-left: 0px; padding: 0px; text-rendering: optimizespeed; line-height: 28.8px; color: rgb(34, 34, 34); font-family: arial; font-size: 18px; background-color: rgb(252, 250, 246);\">Lý giải đề xuất tăng lương tối thiểu vùng từ ngày 1/7/2022 thay vì tháng 1/2023 theo như kiến nghị VCCI, ông Lê Đình Quảng, Phó ban Chính sách pháp luật, Tổng Liên đoàn Lao động Việt Nam, cho rằng tăng sớm sẽ tránh dồn nhiều năm mới tăng tạo ra cú sốc cho doanh nghiệp. GDP quý I/2022 đã tăng 5,03%. Các chỉ số cho thấy khả năng phục hồi của doanh nghiệp ngày càng lớn.</p><p class=\"Normal\" style=\"margin-right: 0px; margin-bottom: 1em; margin-left: 0px; padding: 0px; text-rendering: optimizespeed; line-height: 28.8px; color: rgb(34, 34, 34); font-family: arial; font-size: 18px; background-color: rgb(252, 250, 246);\">Lương tối thiểu vùng là mức thấp nhất làm cơ sở để doanh nghiệp thỏa thuận, trả lương cho người lao động. Mức này áp dụng với người làm việc theo chế độ hợp đồng của Bộ luật Lao động; làm việc trong doanh nghiệp; hợp tác xã, trang trại, hộ gia đình, cá nhân và tổ chức khác của Việt Nam có thuê mướn lao động theo hợp đồng; cơ quan, tổ chức nước ngoài, tổ chức quốc tế và cá nhân người nước ngoài tại Việt Nam có thuê lao động.</p><p class=\"Normal\" style=\"margin-right: 0px; margin-bottom: 1em; margin-left: 0px; padding: 0px; text-rendering: optimizespeed; line-height: 28.8px; color: rgb(34, 34, 34); font-family: arial; font-size: 18px; background-color: rgb(252, 250, 246);\">Năm 2021, khảo sát của Viện Công nhân Công đoàn cho kết quả 21% người lao động phải ăn nhiều mì tôm hơn; 48% lao động phải giảm lượng thịt hàng ngày; 22% chuyển từ mua sắm mỗi ngày sang dùng thực phẩm do người thân cung cấp; 15% chọn việc ăn gộp bữa, giảm bữa; 60% tiết kiệm các khoản chi; 11% phải vay mượn tiền của người thân; 0,3% lao động vay lãi suất cao, tín dụng đen hoặc bán sổ bảo hiểm xã hội.</p>', 1, 1, 1, '2022-04-12 10:29:12', '2022-04-22 04:52:51', '/storage/post/1/N8KODLsCMzhNWmz5DsuK.jpg', 'luong-toi-thieu-vung-du-kien-tang-6');
INSERT INTO `posts` (`id`, `title`, `image`, `topic`, `summary`, `content`, `user_id`, `highlight`, `status`, `created_at`, `updated_at`, `image_path`, `slug`) VALUES
(8, 'Lương tối thiểu vùng dự kiến tăng 6%', '1506339272-be358d05-e2f1-48d0-9af3-3d4e8109bf5e.jpg', 24, '<p style=\"margin: 0cm 0cm 0.0001pt; line-height: 150%; background-image: initial; background-position: initial; background-size: initial; background-repeat: initial; background-attachment: initial; background-origin: initial; background-clip: initial; vertical-align: baseline;\"><span style=\"font-size: 14pt; line-height: 150%; color: rgb(17, 17, 17); background-image: initial; background-position: initial; background-size: initial; background-repeat: initial; background-attachment: initial; background-origin: initial; background-clip: initial;\">Bước khởi tạo tự động triển khai, cấu hình và\r\nkhởi động các dịch vụ OpenStack.&nbsp;Đặc biệt, nó sẽ tạo cơ sở dữ liệu, mạng,\r\nhình ảnh, một số hương vị và các nhóm bảo mật ICMP / SSH.&nbsp;Tất cả điều này\r\ncó thể được thực hiện trong vòng 10 đến 20 phút tùy thuộc vào máy của bạn:<o:p></o:p></span></p>', '<div><p class=\"description\" style=\"margin-right: 0px; margin-bottom: 15px; margin-left: 0px; padding: 0px; text-rendering: optimizelegibility; font-size: 18px; line-height: 28.8px; color: rgb(34, 34, 34); font-family: arial; background-color: rgb(252, 250, 246);\"><span class=\"location-stamp\" style=\"margin: 0px 15px 0px 0px; padding: 0px; text-rendering: optimizelegibility; font-size: 16px; text-transform: uppercase; letter-spacing: -0.5px; position: relative; color: rgb(117, 117, 117) !important;\">HY LẠP</span>Chỉ cách biển vài bước chân, ngôi nhà cánh bướm không có tường, đang được rao bán giá 6,88 triệu USD.</p><article class=\"fck_detail \" style=\"margin: 0px; padding: 0px; text-rendering: optimizelegibility; width: 670px; float: left; position: relative; font-variant-numeric: normal; font-variant-east-asian: normal; font-stretch: normal; font-size: 18px; line-height: 28.8px; font-family: arial; color: rgb(34, 34, 34); background-color: rgb(252, 250, 246);\"><p class=\"Normal\" style=\"margin-right: 0px; margin-bottom: 1em; margin-left: 0px; padding: 0px; text-rendering: optimizespeed; line-height: 28.8px;\">Nằm trên đường bờ biển ở ngoại ô Vouliagmeni, Hy Lạp,&nbsp;<a href=\"https://vnexpress.net/tag/thiet-ke-nha-dep-253792\" rel=\"dofollow\" style=\"margin: 0px; padding: 0px 0px 1px; text-rendering: optimizelegibility; color: rgb(7, 109, 182); position: relative; text-underline-position: under; border-bottom-width: 1px; border-bottom-style: solid;\">ngôi nhà</a>&nbsp;này đang được ví như một công trình có một không hai. Nhìn từ trên cao, kiến trúc uốn lượn mô phỏng hai cánh và thân của một con bướm. Các lỗ trên trần còn tạo thêm hoa văn điểm xuyết cho đôi cánh.</p><p class=\"Normal\" style=\"margin-right: 0px; margin-bottom: 1em; margin-left: 0px; padding: 0px; text-rendering: optimizespeed; line-height: 28.8px;\">\"Nhà lấy cảm hứng từ hình dạng con bướm để che nắng và mang đến cảm giác riêng tư\", phần giới thiệu về ngôi nhà viết.</p><figure data-size=\"true\" itemprop=\"associatedMedia image\" itemscope=\"\" itemtype=\"http://schema.org/ImageObject\" class=\"tplCaption action_thumb_added\" style=\"margin-right: auto; margin-bottom: 15px; margin-left: auto; padding: 0px; text-rendering: optimizelegibility; max-width: 100%; clear: both; position: relative; text-align: center; width: 670px; float: left;\"><div class=\"fig-picture\" style=\"margin: 0px; padding: 0px 0px 446.663px; text-rendering: optimizelegibility; width: 670px; float: left; display: table; justify-content: center; background: rgb(240, 238, 234); position: relative;\"><picture style=\"margin: 0px; padding: 0px; text-rendering: optimizelegibility;\"><source data-srcset=\"https://i1-giadinh.vnecdn.net/2022/04/21/1824-m-119433533161fa74fcc6d16-4550-3478-1650514311.jpg?w=680&amp;h=0&amp;q=100&amp;dpr=1&amp;fit=crop&amp;s=gkPHukJCWkb4A69zqzDNLQ 1x, https://i1-giadinh.vnecdn.net/2022/04/21/1824-m-119433533161fa74fcc6d16-4550-3478-1650514311.jpg?w=1020&amp;h=0&amp;q=100&amp;dpr=1&amp;fit=crop&amp;s=jMnERixQUsY4ZQiYxxWmYg 1.5x, https://i1-giadinh.vnecdn.net/2022/04/21/1824-m-119433533161fa74fcc6d16-4550-3478-1650514311.jpg?w=680&amp;h=0&amp;q=100&amp;dpr=2&amp;fit=crop&amp;s=4MbiLPgfLlxrAI_7JFIeJw 2x\" srcset=\"https://i1-giadinh.vnecdn.net/2022/04/21/1824-m-119433533161fa74fcc6d16-4550-3478-1650514311.jpg?w=680&amp;h=0&amp;q=100&amp;dpr=1&amp;fit=crop&amp;s=gkPHukJCWkb4A69zqzDNLQ 1x, https://i1-giadinh.vnecdn.net/2022/04/21/1824-m-119433533161fa74fcc6d16-4550-3478-1650514311.jpg?w=1020&amp;h=0&amp;q=100&amp;dpr=1&amp;fit=crop&amp;s=jMnERixQUsY4ZQiYxxWmYg 1.5x, https://i1-giadinh.vnecdn.net/2022/04/21/1824-m-119433533161fa74fcc6d16-4550-3478-1650514311.jpg?w=680&amp;h=0&amp;q=100&amp;dpr=2&amp;fit=crop&amp;s=4MbiLPgfLlxrAI_7JFIeJw 2x\" style=\"margin: 0px; padding: 0px; text-rendering: optimizelegibility;\"><img itemprop=\"contentUrl\" loading=\"lazy\" intrinsicsize=\"680x0\" alt=\"Hình dạng của ngôi nhà nhìn từ trên cao. Ảnh: Jam Press/JK Property &amp; Yachting\" class=\"lazy lazied\" src=\"https://i1-giadinh.vnecdn.net/2022/04/21/1824-m-119433533161fa74fcc6d16-4550-3478-1650514311.jpg?w=680&amp;h=0&amp;q=100&amp;dpr=1&amp;fit=crop&amp;s=gkPHukJCWkb4A69zqzDNLQ\" data-src=\"https://i1-giadinh.vnecdn.net/2022/04/21/1824-m-119433533161fa74fcc6d16-4550-3478-1650514311.jpg?w=680&amp;h=0&amp;q=100&amp;dpr=1&amp;fit=crop&amp;s=gkPHukJCWkb4A69zqzDNLQ\" data-ll-status=\"loaded\" style=\"margin: 0px; padding: 0px; text-rendering: optimizelegibility; border: 0px; font-size: 0px; line-height: 0; max-width: 100%; position: absolute; top: 0px; left: 0px; max-height: 700px; width: 670px;\"></picture></div><figcaption itemprop=\"description\" style=\"margin: 0px; padding: 0px; text-rendering: optimizelegibility; width: 670px; float: left; text-align: left;\"><p class=\"Image\" style=\"margin-right: 0px; margin-bottom: 0px; margin-left: 0px; padding: 10px 0px 0px; text-rendering: optimizespeed; font-variant-numeric: normal; font-variant-east-asian: normal; font-stretch: normal; font-size: 14px; line-height: 22.4px;\">Hình dạng của ngôi nhà nhìn từ trên cao. Ảnh:&nbsp;<em style=\"margin: 0px; padding: 0px; text-rendering: optimizelegibility;\">Jam Press/JK Property &amp; Yachting</em></p></figcaption></figure><p class=\"Normal\" style=\"margin-right: 0px; margin-bottom: 1em; margin-left: 0px; padding: 0px; text-rendering: optimizespeed; line-height: 28.8px;\">Thông thường chúng ta sẽ hướng đến một cấu trúc có bốn bức tường và một mái nhà, mang đến sự riêng tư hoặc bảo vệ. Song ngôi nhà sang trọng này không có bức tường nào trên tầng trệt và tầng hai.</p><p class=\"Normal\" style=\"margin-right: 0px; margin-bottom: 1em; margin-left: 0px; padding: 0px; text-rendering: optimizespeed; line-height: 28.8px;\">Nhà nằm trên diện tích khoảng 500 m2 có 5 phòng ngủ và 4 phòng tắm và chia thành ba cấp. Phần chính ở tầng trệt là không gian mở, nơi tiếp khách và ăn uống, đi thẳng ra hồ bơi và không gian ngoài trời. Ở đây cũng có một phòng ngủ khách.</p><p class=\"Normal\" style=\"margin-right: 0px; margin-bottom: 1em; margin-left: 0px; padding: 0px; text-rendering: optimizespeed; line-height: 28.8px;\">Chiếc ghế sofa cong bao quanh căn phòng cùng với bức tường đá tự nhiên, mang đến không gian thư giãn tuyệt đối.</p><figure data-size=\"true\" itemprop=\"associatedMedia image\" itemscope=\"\" itemtype=\"http://schema.org/ImageObject\" class=\"tplCaption action_thumb_added\" style=\"margin-right: auto; margin-bottom: 15px; margin-left: auto; padding: 0px; text-rendering: optimizelegibility; max-width: 100%; clear: both; position: relative; text-align: center; width: 670px; float: left;\"><div class=\"fig-picture\" style=\"margin: 0px; padding: 0px 0px 446.237px; text-rendering: optimizelegibility; width: 670px; float: left; display: table; justify-content: center; background: rgb(240, 238, 234); position: relative;\"><picture style=\"margin: 0px; padding: 0px; text-rendering: optimizelegibility;\"><source data-srcset=\"https://i1-giadinh.vnecdn.net/2022/04/21/butterfly-house-10-9996-1650514311.jpg?w=680&amp;h=0&amp;q=100&amp;dpr=1&amp;fit=crop&amp;s=iOUsFWJH54c5vrRlC1LMfg 1x, https://i1-giadinh.vnecdn.net/2022/04/21/butterfly-house-10-9996-1650514311.jpg?w=1020&amp;h=0&amp;q=100&amp;dpr=1&amp;fit=crop&amp;s=FzjlFBwBpHJNh51q_wHOng 1.5x, https://i1-giadinh.vnecdn.net/2022/04/21/butterfly-house-10-9996-1650514311.jpg?w=680&amp;h=0&amp;q=100&amp;dpr=2&amp;fit=crop&amp;s=qy7lAOBLr6CAB_ie0iyh0Q 2x\" srcset=\"https://i1-giadinh.vnecdn.net/2022/04/21/butterfly-house-10-9996-1650514311.jpg?w=680&amp;h=0&amp;q=100&amp;dpr=1&amp;fit=crop&amp;s=iOUsFWJH54c5vrRlC1LMfg 1x, https://i1-giadinh.vnecdn.net/2022/04/21/butterfly-house-10-9996-1650514311.jpg?w=1020&amp;h=0&amp;q=100&amp;dpr=1&amp;fit=crop&amp;s=FzjlFBwBpHJNh51q_wHOng 1.5x, https://i1-giadinh.vnecdn.net/2022/04/21/butterfly-house-10-9996-1650514311.jpg?w=680&amp;h=0&amp;q=100&amp;dpr=2&amp;fit=crop&amp;s=qy7lAOBLr6CAB_ie0iyh0Q 2x\" style=\"margin: 0px; padding: 0px; text-rendering: optimizelegibility;\"><img itemprop=\"contentUrl\" loading=\"lazy\" intrinsicsize=\"680x0\" alt=\"Khu vực phòng khách. Ảnh: Jam Press/JK Property &amp; Yachting\" class=\"lazy lazied\" src=\"https://i1-giadinh.vnecdn.net/2022/04/21/butterfly-house-10-9996-1650514311.jpg?w=680&amp;h=0&amp;q=100&amp;dpr=1&amp;fit=crop&amp;s=iOUsFWJH54c5vrRlC1LMfg\" data-src=\"https://i1-giadinh.vnecdn.net/2022/04/21/butterfly-house-10-9996-1650514311.jpg?w=680&amp;h=0&amp;q=100&amp;dpr=1&amp;fit=crop&amp;s=iOUsFWJH54c5vrRlC1LMfg\" data-ll-status=\"loaded\" style=\"margin: 0px; padding: 0px; text-rendering: optimizelegibility; border: 0px; font-size: 0px; line-height: 0; max-width: 100%; position: absolute; top: 0px; left: 0px; max-height: 700px; width: 670px;\"></picture></div><figcaption itemprop=\"description\" style=\"margin: 0px; padding: 0px; text-rendering: optimizelegibility; width: 670px; float: left; text-align: left;\"><p class=\"Image\" style=\"margin-right: 0px; margin-bottom: 0px; margin-left: 0px; padding: 10px 0px 0px; text-rendering: optimizespeed; font-variant-numeric: normal; font-variant-east-asian: normal; font-stretch: normal; font-size: 14px; line-height: 22.4px;\">Khu vực phòng khách. Ảnh:&nbsp;<em style=\"margin: 0px; padding: 0px; text-rendering: optimizelegibility;\">Jam Press/JK Property &amp; Yachting</em></p></figcaption></figure><p class=\"Normal\" style=\"margin-right: 0px; margin-bottom: 1em; margin-left: 0px; padding: 0px; text-rendering: optimizespeed; line-height: 28.8px;\">Tầng hầm là không gian sinh hoạt của gia đình, có phòng hát, với ba phòng ngủ, ba phòng tắm.</p><p class=\"Normal\" style=\"margin-right: 0px; margin-bottom: 1em; margin-left: 0px; padding: 0px; text-rendering: optimizespeed; line-height: 28.8px;\">Tầng trên cùng có phòng ngủ chính, hàng hiên xanh tươi và bể sục. Ngoài ra, ngôi nhà có phòng giúp việc, phòng giặt là và bốn chỗ đậu xe, có thang máy đưa từ tầng này qua tầng khác.</p><p class=\"Normal\" style=\"margin-right: 0px; margin-bottom: 1em; margin-left: 0px; padding: 0px; text-rendering: optimizespeed; line-height: 28.8px;\">Kiến trúc sư đã tăng thêm vẻ đẹp của ngôi nhà trắng tinh khôi bằng những mảng thiên nhiên và cây xanh ở khắp nơi, kể cả cầu thang. Không chỉ mang lại vẻ đẹp, nó còn mang đến sự riêng tư cho ngôi nhà không tường.</p><figure data-size=\"true\" itemprop=\"associatedMedia image\" itemscope=\"\" itemtype=\"http://schema.org/ImageObject\" class=\"tplCaption action_thumb_added\" style=\"margin-right: auto; margin-bottom: 15px; margin-left: auto; padding: 0px; text-rendering: optimizelegibility; max-width: 100%; clear: both; position: relative; text-align: center; width: 670px; float: left;\"><div class=\"fig-picture\" style=\"margin: 0px; padding: 0px 0px 446.237px; text-rendering: optimizelegibility; width: 670px; float: left; display: table; justify-content: center; background: rgb(240, 238, 234); position: relative;\"><picture style=\"margin: 0px; padding: 0px; text-rendering: optimizelegibility;\"><source data-srcset=\"https://i1-giadinh.vnecdn.net/2022/04/21/butterfly-house-03-jpg-3234-1650514311.png?w=680&amp;h=0&amp;q=100&amp;dpr=1&amp;fit=crop&amp;s=NNrxP77VEquVBHbLTZCvfw 1x, https://i1-giadinh.vnecdn.net/2022/04/21/butterfly-house-03-jpg-3234-1650514311.png?w=1020&amp;h=0&amp;q=100&amp;dpr=1&amp;fit=crop&amp;s=V-VacjDs9_1XWzDKHkmEMQ 1.5x, https://i1-giadinh.vnecdn.net/2022/04/21/butterfly-house-03-jpg-3234-1650514311.png?w=680&amp;h=0&amp;q=100&amp;dpr=2&amp;fit=crop&amp;s=dLLqKVcMCPx96pNuM3GItQ 2x\" srcset=\"https://i1-giadinh.vnecdn.net/2022/04/21/butterfly-house-03-jpg-3234-1650514311.png?w=680&amp;h=0&amp;q=100&amp;dpr=1&amp;fit=crop&amp;s=NNrxP77VEquVBHbLTZCvfw 1x, https://i1-giadinh.vnecdn.net/2022/04/21/butterfly-house-03-jpg-3234-1650514311.png?w=1020&amp;h=0&amp;q=100&amp;dpr=1&amp;fit=crop&amp;s=V-VacjDs9_1XWzDKHkmEMQ 1.5x, https://i1-giadinh.vnecdn.net/2022/04/21/butterfly-house-03-jpg-3234-1650514311.png?w=680&amp;h=0&amp;q=100&amp;dpr=2&amp;fit=crop&amp;s=dLLqKVcMCPx96pNuM3GItQ 2x\" style=\"margin: 0px; padding: 0px; text-rendering: optimizelegibility;\"><img itemprop=\"contentUrl\" loading=\"lazy\" intrinsicsize=\"680x0\" alt=\"Hồ bơi trước nhà. Ảnh: Jam Press/JK Property &amp; Yachting\" class=\"lazy lazied\" src=\"https://i1-giadinh.vnecdn.net/2022/04/21/butterfly-house-03-jpg-3234-1650514311.png?w=680&amp;h=0&amp;q=100&amp;dpr=1&amp;fit=crop&amp;s=NNrxP77VEquVBHbLTZCvfw\" data-src=\"https://i1-giadinh.vnecdn.net/2022/04/21/butterfly-house-03-jpg-3234-1650514311.png?w=680&amp;h=0&amp;q=100&amp;dpr=1&amp;fit=crop&amp;s=NNrxP77VEquVBHbLTZCvfw\" data-ll-status=\"loaded\" style=\"margin: 0px; padding: 0px; text-rendering: optimizelegibility; border: 0px; font-size: 0px; line-height: 0; max-width: 100%; position: absolute; top: 0px; left: 0px; max-height: 700px; width: 670px;\"></picture></div><figcaption itemprop=\"description\" style=\"margin: 0px; padding: 0px; text-rendering: optimizelegibility; width: 670px; float: left; text-align: left;\"><p class=\"Image\" style=\"margin-right: 0px; margin-bottom: 0px; margin-left: 0px; padding: 10px 0px 0px; text-rendering: optimizespeed; font-variant-numeric: normal; font-variant-east-asian: normal; font-stretch: normal; font-size: 14px; line-height: 22.4px;\">Hồ bơi trước nhà. Ảnh:&nbsp;<em style=\"margin: 0px; padding: 0px; text-rendering: optimizelegibility;\">Jam Press/JK Property &amp; Yachting</em></p></figcaption></figure><p class=\"Normal\" style=\"margin-right: 0px; margin-bottom: 1em; margin-left: 0px; padding: 0px; text-rendering: optimizespeed; line-height: 28.8px;\">Các loại ánh sáng tự nhiên và nhân tạo từ trên xuống, từ ngoài vào dường như làm cho \"con bướm\" trở nên sống động. Việc không có tường và đồ nội thất đơn giản cũng cho phép người sinh sống ở đây tập trung vào khung cảnh bên ngoài, từ hồ nhân tạo, những lối đi bộ, cho đến ngắm hoàng hôn trên biển...</p><p class=\"Normal\" style=\"margin-right: 0px; margin-bottom: 1em; margin-left: 0px; padding: 0px; text-rendering: optimizespeed; line-height: 28.8px;\">Ngôi nhà chỉ cách trung tâm thành phố một đoạn ngắn, nơi có các món ăn Hy Lạp đặc sắc hoặc chỉ vài bước chân đã ra tới biển. Hiện các kiến trúc sư vẫn đang hoàn thiện những khâu cuối cùng, trước khi đi vào sử dụng từ cuối năm nay.</p></article></div>', 1, 0, 1, '2022-04-12 10:30:46', '2022-04-21 09:16:13', '/storage/post/1/ubGHrMT4pDV4FoNztFCI.jpg', 'luong-toi-thieu-vung-du-kien-tang-6'),
(31, 'ấdfá', '1506335999-150633136139508-vang.jpg', 29, 'fádfàd', 'ádfấdfsadf', 1, 0, 1, '2022-04-13 07:37:56', '2022-04-21 10:13:30', '/storage/post/1/xOODJS6w9uebYN0N2G8c.jpg', 'adfa'),
(49, 'sadsad', '1506335531-15063338402604-mark-cuban-01.jpg', 26, 'áđá', 'đá', 1, 1, 1, '2022-04-14 07:05:22', '2022-04-22 04:54:25', '/storage/post/28/1zVUj7ES6nbdSGnLiqLp.jpg', 'sadsad'),
(55, '29 giờ truy bắt nghi phạm xả súng ga tàu điện ngầm New York', '1506335999-150633136139508-vang.jpg', 13, 'scác', 'csấcc', 1, 1, 1, '2022-04-14 07:57:45', '2022-04-21 09:15:50', '/storage/post/1/LhUYC0uSGimExCcRVZyG.jpg', '29-gio-truy-bat-nghi-pham-xa-sung-ga-tau-dien-ngam-new-york'),
(59, 'ểtrok', '1506339272-be358d05-e2f1-48d0-9af3-3d4e8109bf5e.jpg', 21, 'ưèwelk', 'fwèweádá', 2, 1, 1, '2022-04-14 08:12:37', '2022-04-22 07:44:09', '/storage/post/2/jgul4BGNpNc742bTDHag.jpg', 'etrok'),
(60, 'ểgfdgdsss', '1506339272-be358d05-e2f1-48d0-9af3-3d4e8109bf5e.jpg', 13, 'ưèwedssf', 'fwèwe', 1, 1, 1, '2022-04-14 08:12:55', '2022-04-22 07:30:14', '/storage/post/1/n4gkCPW0vaRFn27dUPzK.jpg', 'egfdgdsss'),
(61, 'sdfádfsdasdfsfsdfsdd', '1506335999-150633136139508-vang.jpg', 26, 'sdfs', 'sdfs', 1, 0, 1, '2022-04-15 08:34:55', '2022-04-22 04:54:37', '/storage/post/1/fdXtf6bfzGsaRfrAeyup.jpg', 'sdfadfsdasdfsfsdfsdd'),
(62, 'àdấdfádfáde', '1506335531-15063338402604-mark-cuban-01.jpg', 29, 'fsadfấdfs', 'fsadfấdf', 1, 0, 1, '2022-04-15 08:55:01', '2022-04-22 08:01:47', '/storage/post/1/oCFzHLY2zlXXwcHuQjU9.jpg', 'adadfadfade'),
(63, 'Nguyên Tổng thư ký Quốc hội ứng cử vào Hội đồng quản trị Vinamilk', '1506335999-150633136139508-vang.jpg', 26, 'sadfádfàđà', 'fádfádfádfádfádfádf', 1, 0, 1, '2022-04-15 09:02:19', '2022-04-22 08:01:25', '/storage/post/1/pHGL6Fv8LCOAy7S3etLQ.jpg', 'nguyen-tong-thu-ky-quoc-hoi-ung-cu-vao-hoi-dong-quan-tri-vinamilk'),
(64, 'Tội phạm giấu mình trong vỏ bọc diễn viên', '6-3566-1650017522.png', 29, '<p class=\"description\" style=\"margin-right: 0px; margin-bottom: 15px; margin-left: 0px; padding: 0px; text-rendering: optimizelegibility; font-size: 18px; line-height: 28.8px; color: rgb(34, 34, 34); font-family: arial; background-color: rgb(252, 250, 246);\"><span class=\"location-stamp\" style=\"margin: 0px 15px 0px 0px; padding: 0px; text-rendering: optimizelegibility; font-size: 16px; text-transform: uppercase; letter-spacing: -0.5px; position: relative; color: rgb(117, 117, 117) !important; font-family: Arial;\">TRUNG QUỐC</span><span style=\"font-family: Arial;\">Trong 13 năm lẩn trốn vì cướp và hành hung cảnh sát, Cát Thế Quang dùng thân phận giả để đóng hơn 40 bộ phim và đạt giải thưởng diễn xuất.</span><span style=\"font-family: &quot;Arial Black&quot;;\">﻿</span></p><br>', '<p class=\"Normal\" style=\"margin-right: 0px; margin-bottom: 1em; margin-left: 0px; padding: 0px; text-rendering: optimizespeed; line-height: 28.8px; color: rgb(34, 34, 34); font-family: arial; font-size: 18px; background-color: rgb(252, 250, 246);\"><br style=\"margin: 0px; padding: 0px; text-rendering: optimizelegibility;\">Tối 6/12/1998, Quang cùng hai người bạn họ Lý và Lưu ra phố \"săn mồi\". Thấy một cặp đi bộ trên phố, cả ba bám theo, tấn công từ phía sau. Nạn nhân là vợ chồng Dương Lâm, một cảnh sát hình sự. Khi thấy Quang cầm dao túm lấy vợ mình để uy hiếp, Lâm lập tức chống cự và tiết lộ là cảnh sát. Tuy nhiên, Lý và Lưu không sợ hãi mà còn tấn công hung ác hơn. Chúng đâm Lâm 5 nhát sau đó cướp súng và tiền bạc bỏ chạy. Lâm bị đứt dây thần kinh tủy, thành người tàn tật.</p><p class=\"Normal\" style=\"margin-right: 0px; margin-bottom: 1em; margin-left: 0px; padding: 0px; text-rendering: optimizespeed; line-height: 28.8px; color: rgb(34, 34, 34); font-family: arial; font-size: 18px; background-color: rgb(252, 250, 246);\">Lý và Lưu bị bắt trong vòng hai ngày. Quang trốn thoát đến nơi khác. Do vụ cướp có tính chất nghiêm trọng và còn thực hiện nhiều tội ác khác, Lý và Lưu bị kết án tử hình. Nhưng Quang dường như biến mất, cảnh sát tìm kiếm nhiều năm không có kết quả.</p><figure data-size=\"true\" itemprop=\"associatedMedia image\" itemscope=\"\" itemtype=\"http://schema.org/ImageObject\" class=\"tplCaption action_thumb_added\" style=\"margin-right: auto; margin-bottom: 15px; margin-left: auto; padding: 0px; text-rendering: optimizelegibility; max-width: 100%; clear: both; position: relative; text-align: center; width: 670px; float: left; color: rgb(34, 34, 34); font-family: arial; font-size: 18px; background-color: rgb(252, 250, 246);\"><div class=\"fig-picture\" style=\"margin: 0px; padding: 0px 0px 454.25px; text-rendering: optimizelegibility; width: 670px; float: left; display: table; justify-content: center; background: rgb(240, 238, 234); position: relative;\"><picture style=\"margin: 0px; padding: 0px; text-rendering: optimizelegibility;\"><source data-srcset=\"https://i1-vnexpress.vnecdn.net/2022/04/15/6-3566-1650017522.png?w=680&amp;h=0&amp;q=100&amp;dpr=1&amp;fit=crop&amp;s=W3fKyheXeriKLHXLyVwhow 1x, https://i1-vnexpress.vnecdn.net/2022/04/15/6-3566-1650017522.png?w=1020&amp;h=0&amp;q=100&amp;dpr=1&amp;fit=crop&amp;s=5akd6H7_822rWk2ml0hdzA 1.5x, https://i1-vnexpress.vnecdn.net/2022/04/15/6-3566-1650017522.png?w=680&amp;h=0&amp;q=100&amp;dpr=2&amp;fit=crop&amp;s=HehijljfRKhNjlz5XfPEQg 2x\" srcset=\"https://i1-vnexpress.vnecdn.net/2022/04/15/6-3566-1650017522.png?w=680&amp;h=0&amp;q=100&amp;dpr=1&amp;fit=crop&amp;s=W3fKyheXeriKLHXLyVwhow 1x, https://i1-vnexpress.vnecdn.net/2022/04/15/6-3566-1650017522.png?w=1020&amp;h=0&amp;q=100&amp;dpr=1&amp;fit=crop&amp;s=5akd6H7_822rWk2ml0hdzA 1.5x, https://i1-vnexpress.vnecdn.net/2022/04/15/6-3566-1650017522.png?w=680&amp;h=0&amp;q=100&amp;dpr=2&amp;fit=crop&amp;s=HehijljfRKhNjlz5XfPEQg 2x\" style=\"margin: 0px; padding: 0px; text-rendering: optimizelegibility;\"><img itemprop=\"contentUrl\" loading=\"lazy\" intrinsicsize=\"680x0\" alt=\"Cát Thế Quang khi bị bắt tháng 12/2011. Ảnh: Baike\" class=\"lazy lazied\" src=\"https://i1-vnexpress.vnecdn.net/2022/04/15/6-3566-1650017522.png?w=680&amp;h=0&amp;q=100&amp;dpr=1&amp;fit=crop&amp;s=W3fKyheXeriKLHXLyVwhow\" data-src=\"https://i1-vnexpress.vnecdn.net/2022/04/15/6-3566-1650017522.png?w=680&amp;h=0&amp;q=100&amp;dpr=1&amp;fit=crop&amp;s=W3fKyheXeriKLHXLyVwhow\" data-ll-status=\"loaded\" style=\"margin: 0px; padding: 0px; text-rendering: optimizelegibility; border: 0px; font-size: 0px; line-height: 0; max-width: 100%; position: absolute; top: 0px; left: 0px; max-height: 700px; width: 670px;\"></picture></div><figcaption itemprop=\"description\" style=\"margin: 0px; padding: 0px; text-rendering: optimizelegibility; width: 670px; float: left; text-align: left;\"><p class=\"Image\" style=\"margin-right: 0px; margin-bottom: 0px; margin-left: 0px; padding: 10px 0px 0px; text-rendering: optimizespeed; font-variant-numeric: normal; font-variant-east-asian: normal; font-stretch: normal; font-size: 14px; line-height: 22.4px;\">Cát Thế Quang khi bị bắt tháng 12/2011. Ảnh:&nbsp;<em style=\"margin: 0px; padding: 0px; text-rendering: optimizelegibility;\">Baike</em></p></figcaption></figure><p class=\"Normal\" style=\"margin-right: 0px; margin-bottom: 1em; margin-left: 0px; padding: 0px; text-rendering: optimizespeed; line-height: 28.8px; color: rgb(34, 34, 34); font-family: arial; font-size: 18px; background-color: rgb(252, 250, 246);\">Năm 2009, bộ phim truyền hình&nbsp;<em style=\"margin: 0px; padding: 0px; text-rendering: optimizelegibility;\">Tiềm phục</em>&nbsp;(<em style=\"margin: 0px; padding: 0px; text-rendering: optimizelegibility;\">Lurk</em>) về đề tài chiến tranh, gián điệp do Tôn Hồng Lôi, Diêu Thần đóng chính phát sóng, được khen ngợi là tác phẩm chất lượng cao, thu hút đông đảo khán giả theo dõi. Nhưng có người phát hiện một diễn viên phụ trong phim có ngoại hình rất giống Quang.</p><p class=\"Normal\" style=\"margin-right: 0px; margin-bottom: 1em; margin-left: 0px; padding: 0px; text-rendering: optimizespeed; line-height: 28.8px; color: rgb(34, 34, 34); font-family: arial; font-size: 18px; background-color: rgb(252, 250, 246);\">Diễn viên này tên Trương Quốc Phong, đất diễn không nhiều nhưng thể hiện nhân vật Thịnh Hương rất thành công, nhờ đó nhận được giải thưởng Nam diễn viên phụ xuất sắc tại Liên hoan truyền hình Quốc kịch thịnh điển.</p><p class=\"Normal\" style=\"margin-right: 0px; margin-bottom: 1em; margin-left: 0px; padding: 0px; text-rendering: optimizespeed; line-height: 28.8px; color: rgb(34, 34, 34); font-family: arial; font-size: 18px; background-color: rgb(252, 250, 246);\">Sau khi nhận được tố giác, cảnh sát lập tức điều tra, xác minh Phong chính là Quang và bắt giữ ngày 7/12/2011 tại thành phố Kim Hoa, tỉnh Chiết Giang. Khi thẩm vấn, Quang khai nhận thân phận và quá trình trốn chạy.</p><p class=\"Normal\" style=\"margin-right: 0px; margin-bottom: 1em; margin-left: 0px; padding: 0px; text-rendering: optimizespeed; line-height: 28.8px; color: rgb(34, 34, 34); font-family: arial; font-size: 18px; background-color: rgb(252, 250, 246);\">Sau khi gây án năm 1998, Quang chạy khỏi Tề Tề Cáp Nhĩ xuống phía Nam. Anh ta tìm được số thẻ căn cước và thông tin cá nhân của một người tên Trương Quốc Phong trên mạng, từ đó dùng luôn tên này để đến Thâm Quyến.</p><p class=\"Normal\" style=\"margin-right: 0px; margin-bottom: 1em; margin-left: 0px; padding: 0px; text-rendering: optimizespeed; line-height: 28.8px; color: rgb(34, 34, 34); font-family: arial; font-size: 18px; background-color: rgb(252, 250, 246);\">Từng học diễn xuất và ca hát nên Quang tìm việc dẫn chương trình, biểu diễn kịch nói ở các câu lạc bộ giải trí. Qua vài năm, Quang quen biết một số bạn bè trong ngành giải trí, được giới thiệu tới phim trường Hoành Điếm ở tỉnh Chiết Giang làm diễn viên quần chúng vào tháng 10/2007.</p><p class=\"Normal\" style=\"margin-right: 0px; margin-bottom: 1em; margin-left: 0px; padding: 0px; text-rendering: optimizespeed; line-height: 28.8px; color: rgb(34, 34, 34); font-family: arial; font-size: 18px; background-color: rgb(252, 250, 246);\">Quang sợ bị nhận ra trên phim nên luôn để râu, không dám quay phim hiện đại. Ngoại hình của Quang cũng đã thay đổi rất nhiều sau nhiều năm qua.</p><figure data-size=\"true\" itemprop=\"associatedMedia image\" itemscope=\"\" itemtype=\"http://schema.org/ImageObject\" class=\"tplCaption action_thumb_added\" style=\"margin-right: auto; margin-bottom: 15px; margin-left: auto; padding: 0px; text-rendering: optimizelegibility; max-width: 100%; clear: both; position: relative; text-align: center; width: 670px; float: left; color: rgb(34, 34, 34); font-family: arial; font-size: 18px; background-color: rgb(252, 250, 246);\"><div class=\"fig-picture\" style=\"margin: 0px; padding: 0px 0px 340px; text-rendering: optimizelegibility; width: 670px; float: left; display: table; justify-content: center; background: rgb(240, 238, 234); position: relative;\"><picture style=\"margin: 0px; padding: 0px; text-rendering: optimizelegibility;\"><source data-srcset=\"https://i1-vnexpress.vnecdn.net/2022/04/15/cats-9430-1650017522.jpg?w=680&amp;h=0&amp;q=100&amp;dpr=1&amp;fit=crop&amp;s=cTfuIXnmhznlaVOWWORgog 1x, https://i1-vnexpress.vnecdn.net/2022/04/15/cats-9430-1650017522.jpg?w=1020&amp;h=0&amp;q=100&amp;dpr=1&amp;fit=crop&amp;s=ExFomtNAC1cAU22tJAUzpQ 1.5x, https://i1-vnexpress.vnecdn.net/2022/04/15/cats-9430-1650017522.jpg?w=680&amp;h=0&amp;q=100&amp;dpr=2&amp;fit=crop&amp;s=mOoH7QJvUKK9ETLuTRLCbA 2x\" srcset=\"https://i1-vnexpress.vnecdn.net/2022/04/15/cats-9430-1650017522.jpg?w=680&amp;h=0&amp;q=100&amp;dpr=1&amp;fit=crop&amp;s=cTfuIXnmhznlaVOWWORgog 1x, https://i1-vnexpress.vnecdn.net/2022/04/15/cats-9430-1650017522.jpg?w=1020&amp;h=0&amp;q=100&amp;dpr=1&amp;fit=crop&amp;s=ExFomtNAC1cAU22tJAUzpQ 1.5x, https://i1-vnexpress.vnecdn.net/2022/04/15/cats-9430-1650017522.jpg?w=680&amp;h=0&amp;q=100&amp;dpr=2&amp;fit=crop&amp;s=mOoH7QJvUKK9ETLuTRLCbA 2x\" style=\"margin: 0px; padding: 0px; text-rendering: optimizelegibility;\"><img itemprop=\"contentUrl\" loading=\"lazy\" intrinsicsize=\"680x0\" alt=\"Diện mạo Cát Thế Quang trên phim (trái) thay đổi nhiều khi so với ảnh năm 1998. Ảnh:\" class=\"lazy lazied\" src=\"https://i1-vnexpress.vnecdn.net/2022/04/15/cats-9430-1650017522.jpg?w=680&amp;h=0&amp;q=100&amp;dpr=1&amp;fit=crop&amp;s=cTfuIXnmhznlaVOWWORgog\" data-src=\"https://i1-vnexpress.vnecdn.net/2022/04/15/cats-9430-1650017522.jpg?w=680&amp;h=0&amp;q=100&amp;dpr=1&amp;fit=crop&amp;s=cTfuIXnmhznlaVOWWORgog\" data-ll-status=\"loaded\" style=\"margin: 0px; padding: 0px; text-rendering: optimizelegibility; border: 0px; font-size: 0px; line-height: 0; max-width: 100%; position: absolute; top: 0px; left: 80px; max-height: 700px; width: 510px;\"></picture></div><figcaption itemprop=\"description\" style=\"margin: 0px; padding: 0px; text-rendering: optimizelegibility; width: 670px; float: left; text-align: left;\"><p class=\"Image\" style=\"margin-right: 0px; margin-bottom: 0px; margin-left: 0px; padding: 10px 0px 0px; text-rendering: optimizespeed; font-variant-numeric: normal; font-variant-east-asian: normal; font-stretch: normal; font-size: 14px; line-height: 22.4px;\">Diện mạo Cát Thế Quang trên phim (trái) thay đổi nhiều khi so với ảnh năm 1998. Ảnh:&nbsp;<em style=\"margin: 0px; padding: 0px; text-rendering: optimizelegibility;\">Baike</em></p></figcaption></figure><p class=\"Normal\" style=\"margin-right: 0px; margin-bottom: 1em; margin-left: 0px; padding: 0px; text-rendering: optimizespeed; line-height: 28.8px; color: rgb(34, 34, 34); font-family: arial; font-size: 18px; background-color: rgb(252, 250, 246);\">Sau khi vài bộ phim phát sóng mà không bị ai phát hiện, Quang yên tâm và bắt đầu thoải mái nhận phim hơn.</p><p class=\"Normal\" style=\"margin-right: 0px; margin-bottom: 1em; margin-left: 0px; padding: 0px; text-rendering: optimizespeed; line-height: 28.8px; color: rgb(34, 34, 34); font-family: arial; font-size: 18px; background-color: rgb(252, 250, 246);\">Nhờ có khả năng diễn xuất ổn, tính cách hào sảng, Quang được nhiều nhân viên công tác ở các đoàn phim yêu thích, mời tham gia nhiều bộ phim nổi tiếng như&nbsp;<em style=\"margin: 0px; padding: 0px; text-rendering: optimizelegibility;\">Võ Tắc Thiên bí sử</em>,&nbsp;<em style=\"margin: 0px; padding: 0px; text-rendering: optimizelegibility;\">Ỷ thiên đồ long ký</em>,&nbsp;<em style=\"margin: 0px; padding: 0px; text-rendering: optimizelegibility;\">Tân Hoàn Châu cách cách</em>,&nbsp;<em style=\"margin: 0px; padding: 0px; text-rendering: optimizelegibility;\">Cung tỏa tâm ngọc</em>. Chỉ trong hai năm, Quang đã góp mặt trong hơn 40 bộ phim truyền hình với vai quần chúng hoặc vai phụ. Anh ta còn có người đại diện riêng.</p><p class=\"Normal\" style=\"margin-right: 0px; margin-bottom: 1em; margin-left: 0px; padding: 0px; text-rendering: optimizespeed; line-height: 28.8px; color: rgb(34, 34, 34); font-family: arial; font-size: 18px; background-color: rgb(252, 250, 246);\">Quang có một nguyên tắc là không bao giờ đến Bắc Kinh đóng phim. Theo Quang, quy chế biểu diễn ở Bắc Kinh tương đối nghiêm ngặt, cần kiểm tra thẻ căn cước nên rất nguy hiểm. Anh ta cũng không dám ngồi máy bay, ở khách sạn vì sợ phải xuất trình thẻ căn cước. Mỗi khi đài truyền hình phát sóng bộ phim có mặt mình, Quang đều không ngủ được, cầu mong phim chỉ chiếu ở phía Nam, vì chiếu ở phía Bắc rất dễ bị lộ.</p><p class=\"Normal\" style=\"margin-right: 0px; margin-bottom: 1em; margin-left: 0px; padding: 0px; text-rendering: optimizespeed; line-height: 28.8px; color: rgb(34, 34, 34); font-family: arial; font-size: 18px; background-color: rgb(252, 250, 246);\">Hơn 10 năm trôi qua, Quang trở nên nổi tiếng với thành công của&nbsp;<em style=\"margin: 0px; padding: 0px; text-rendering: optimizelegibility;\">Tiềm phục</em>, nhưng cũng chính bộ phim này khiến anh ta sa lưới.</p><p class=\"Normal\" style=\"margin-right: 0px; margin-bottom: 1em; margin-left: 0px; padding: 0px; text-rendering: optimizespeed; line-height: 28.8px; color: rgb(34, 34, 34); font-family: arial; font-size: 18px; background-color: rgb(252, 250, 246);\">Khi bị áp giải về Tề Tề Cáp Nhĩ, nhìn thấy Dương Lâm, viên cảnh sát bị cướp năm nào giờ vẫn phải chống nạng để đi lại, Quang quỳ xuống nói: \"Tôi nhất định sẽ chuộc tội, bao năm qua tôi cũng không được sống yên\".</p><p class=\"Normal\" style=\"margin-right: 0px; margin-bottom: 1em; margin-left: 0px; padding: 0px; text-rendering: optimizespeed; line-height: 28.8px; color: rgb(34, 34, 34); font-family: arial; font-size: 18px; background-color: rgb(252, 250, 246);\">Sau khi nhận tội, Quang bị tuyên án 10 năm tù. Do cải tạo tốt, anh ta được giảm án hai lần và ra tù vào cuối 2019.</p><figure data-size=\"true\" itemprop=\"associatedMedia image\" itemscope=\"\" itemtype=\"http://schema.org/ImageObject\" class=\"tplCaption action_thumb_added\" style=\"margin-right: auto; margin-bottom: 15px; margin-left: auto; padding: 0px; text-rendering: optimizelegibility; max-width: 100%; clear: both; position: relative; text-align: center; width: 670px; float: left; color: rgb(34, 34, 34); font-family: arial; font-size: 18px; background-color: rgb(252, 250, 246);\"><div class=\"fig-picture\" style=\"margin: 0px; padding: 0px 0px 700px; text-rendering: optimizelegibility; width: 670px; float: left; display: table; justify-content: center; background: rgb(240, 238, 234); position: relative;\"><picture style=\"margin: 0px; padding: 0px; text-rendering: optimizelegibility;\"><source data-srcset=\"https://i1-vnexpress.vnecdn.net/2022/04/15/5-3883-1650017522.png?w=680&amp;h=0&amp;q=100&amp;dpr=1&amp;fit=crop&amp;s=IaZpCE4pE7-K7bXlD6df1g 1x, https://i1-vnexpress.vnecdn.net/2022/04/15/5-3883-1650017522.png?w=1020&amp;h=0&amp;q=100&amp;dpr=1&amp;fit=crop&amp;s=qRLr3HRfsGfFxZnJhI3YbQ 1.5x, https://i1-vnexpress.vnecdn.net/2022/04/15/5-3883-1650017522.png?w=680&amp;h=0&amp;q=100&amp;dpr=2&amp;fit=crop&amp;s=zqKG2vwNTtRwf6ef6Wgd1A 2x\" srcset=\"https://i1-vnexpress.vnecdn.net/2022/04/15/5-3883-1650017522.png?w=680&amp;h=0&amp;q=100&amp;dpr=1&amp;fit=crop&amp;s=IaZpCE4pE7-K7bXlD6df1g 1x, https://i1-vnexpress.vnecdn.net/2022/04/15/5-3883-1650017522.png?w=1020&amp;h=0&amp;q=100&amp;dpr=1&amp;fit=crop&amp;s=qRLr3HRfsGfFxZnJhI3YbQ 1.5x, https://i1-vnexpress.vnecdn.net/2022/04/15/5-3883-1650017522.png?w=680&amp;h=0&amp;q=100&amp;dpr=2&amp;fit=crop&amp;s=zqKG2vwNTtRwf6ef6Wgd1A 2x\" style=\"margin: 0px; padding: 0px; text-rendering: optimizelegibility;\"><img itemprop=\"contentUrl\" loading=\"lazy\" intrinsicsize=\"680x0\" alt=\"Một số hình ảnh trong phim truyền hình của Cát Thế Quang, trong đó có bộ phim Tiềm phục (góc trên bên trái). Ảnh: Cunman\" class=\"lazy lazied\" src=\"https://i1-vnexpress.vnecdn.net/2022/04/15/5-3883-1650017522.png?w=680&amp;h=0&amp;q=100&amp;dpr=1&amp;fit=crop&amp;s=IaZpCE4pE7-K7bXlD6df1g\" data-src=\"https://i1-vnexpress.vnecdn.net/2022/04/15/5-3883-1650017522.png?w=680&amp;h=0&amp;q=100&amp;dpr=1&amp;fit=crop&amp;s=IaZpCE4pE7-K7bXlD6df1g\" data-ll-status=\"loaded\" style=\"margin: 0px; padding: 0px; text-rendering: optimizelegibility; border: 0px; font-size: 0px; line-height: 0; max-width: 100%; position: absolute; top: 0px; left: 56px; max-height: 700px; width: 558px;\"></picture></div><figcaption itemprop=\"description\" style=\"margin: 0px; padding: 0px; text-rendering: optimizelegibility; width: 670px; float: left; text-align: left;\"><p class=\"Image\" style=\"margin-right: 0px; margin-bottom: 0px; margin-left: 0px; padding: 10px 0px 0px; text-rendering: optimizespeed; font-variant-numeric: normal; font-variant-east-asian: normal; font-stretch: normal; font-size: 14px; line-height: 22.4px;\">Một số hình ảnh trong phim truyền hình của Cát Thế Quang, trong đó có bộ phim<em style=\"margin: 0px; padding: 0px; text-rendering: optimizelegibility;\">&nbsp;Tiềm phục&nbsp;</em>(góc trên bên trái). Ảnh:&nbsp;<em style=\"margin: 0px; padding: 0px; text-rendering: optimizelegibility;\">Cunman</em></p></figcaption></figure><p class=\"Normal\" style=\"margin-right: 0px; margin-bottom: 1em; margin-left: 0px; padding: 0px; text-rendering: optimizespeed; line-height: 28.8px; color: rgb(34, 34, 34); font-family: arial; font-size: 18px; background-color: rgb(252, 250, 246);\">Sự việc của Cát Thế Quang khiến làng giải trí Trung Quốc xôn xao. Đạo diễn Khương Vĩ của&nbsp;<em style=\"margin: 0px; padding: 0px; text-rendering: optimizelegibility;\">Tiềm phục</em>&nbsp;cho biết Quang là diễn viên phụ do phó đạo diễn lựa chọn, gây ấn tượng khá sâu sắc vì diễn xuất tốt hơn hẳn các vai quần chúng bình thường khác, nhất là cảnh khóc diễn rất đạt.</p><p class=\"Normal\" style=\"margin-right: 0px; margin-bottom: 1em; margin-left: 0px; padding: 0px; text-rendering: optimizespeed; line-height: 28.8px; color: rgb(34, 34, 34); font-family: arial; font-size: 18px; background-color: rgb(252, 250, 246);\">Về nguyên nhân nghi phạm bỏ trốn đóng hơn 40 bộ phim mà không ai phát hiện, Hiệp hội diễn viên Hoành Điếm cho biết các diễn viên quần chúng nhận tiền lương ít ỏi nên thường chỉ cần thử vai xem có diễn được hay không, không cần mang theo hồ sơ giấy tờ gì. Diễn viên quần chúng ở Hoành Điếm hầu hết đều do người quen giới thiệu giữa các đoàn phim, không ai quan tâm đến lý lịch của họ. Hiệp hội có hàng nghìn diễn viên quần chúng đăng ký, rất khó để xác minh danh tính của từng người.<br style=\"margin: 0px; padding: 0px; text-rendering: optimizelegibility;\"><br style=\"margin: 0px; padding: 0px; text-rendering: optimizelegibility;\">Theo chia sẻ của người trong ngành, các đoàn phim là nơi ẩn náu tốt nhất cho tội phạm bỏ trốn do tính cơ động cao, nhân viên phức tạp. Biên kịch Uông Hải Lâm tiết lộ một trợ lý của ngôi sao đình đám từng bị phát hiện là tội phạm giết người khi làm thủ tục check-in khách sạn năm 2005.</p>', 1, 1, 1, '2022-04-15 09:02:54', '2022-04-22 08:03:57', '/storage/post/1/pK6S7rreKULeny0E0ZW1.png', 'toi-pham-giau-minh-trong-vo-boc-dien-vien'),
(65, '9x làm giàu nhờ mô hình nông nghiệp Israel', 'hcm.jpg', 24, '<span class=\"location-stamp\" style=\"margin: 0px 15px 0px 0px; padding: 0px; text-rendering: optimizelegibility; text-transform: uppercase; letter-spacing: -0.5px; position: relative; font-family: arial; background-color: rgb(252, 250, 246); color: rgb(117, 117, 117) !important;\">KHÁNH HÒA</span><span style=\"color: rgb(34, 34, 34); font-family: arial; font-size: 18px; background-color: rgb(252, 250, 246);\">Áp dụng mô hình nông nghiệp Israel, trang trại 56 ha của anh Nguyễn Tá Đông và cộng sự mỗi tháng mang về doanh thu một tỷ đồng, tạo nhiều việc làm cho địa phương</span>', '<p class=\"Normal\" style=\"margin-right: 0px; margin-bottom: 1em; margin-left: 0px; padding: 0px; text-rendering: optimizespeed; line-height: 28.8px; color: rgb(34, 34, 34); font-family: arial; font-size: 18px; background-color: rgb(252, 250, 246);\">Vốn là nhân viên tại công ty xuất nhập khẩu với thu nhập 20 triệu đồng mỗi tháng, nhưng anh Đông, 32 tuổi, quyết bỏ ngang công việc để chuyển sang làm nông nghiệp. Lý giải sự chuyển hướng, anh nói xuất thân từ con nhà nông, đam mê với nông nghiệp nên muốn đóng góp chút công sức làm tăng giá trị nông sản Việt Nam ra thị trường thế giới.</p><p class=\"Normal\" style=\"margin-right: 0px; margin-bottom: 1em; margin-left: 0px; padding: 0px; text-rendering: optimizespeed; line-height: 28.8px; color: rgb(34, 34, 34); font-family: arial; font-size: 18px; background-color: rgb(252, 250, 246);\">Nhận thấy đất nước Israel là nơi sa mạc khô cằn nhưng nền nông nghiệp phát triển, năm 2016, Đông quyết định dành hết số tiền tiết kiệm để sang Israel học tập. Tại đây, anh gặp một số người bạn Việt, cả nhóm hẹn nhau sau khi về nước sẽ quyết định cùng nhau khởi nghiệp.</p><p class=\"Normal\" style=\"margin-right: 0px; margin-bottom: 1em; margin-left: 0px; padding: 0px; text-rendering: optimizespeed; line-height: 28.8px; color: rgb(34, 34, 34); font-family: arial; font-size: 18px; background-color: rgb(252, 250, 246);\">Sau thời gian tìm hiểu, năm 2018, anh về nước trước tìm điểm đầu tư. Sau khi xét nhiều tiêu chí về khí hậu, quỹ đất, anh cùng nhóm bạn quyết định chọn vùng đất ở thung lũng Suối Mơ, xã Ninh Thượng, thị xã Ninh Hoà, làm nơi khởi nghiệp, đặt tên nông trại \"The Moshav Farm\". Ban đầu, diện tích toàn bộ nông trại chỉ rộng 10 ha.</p><figure data-size=\"true\" itemprop=\"associatedMedia image\" itemscope=\"\" itemtype=\"http://schema.org/ImageObject\" class=\"tplCaption action_thumb_added\" style=\"margin-right: auto; margin-bottom: 15px; margin-left: auto; padding: 0px; text-rendering: optimizelegibility; max-width: 100%; clear: both; position: relative; text-align: center; width: 670px; float: left; color: rgb(34, 34, 34); font-family: arial; font-size: 18px; background-color: rgb(252, 250, 246);\"><div class=\"fig-picture\" style=\"margin: 0px; padding: 0px 0px 369.612px; text-rendering: optimizelegibility; width: 670px; float: left; display: table; justify-content: center; background: rgb(240, 238, 234); position: relative;\"><picture style=\"margin: 0px; padding: 0px; text-rendering: optimizelegibility;\"><source data-srcset=\"https://i1-vnexpress.vnecdn.net/2022/04/21/nongtrai-2-9432-1650556958.jpg?w=680&amp;h=0&amp;q=100&amp;dpr=1&amp;fit=crop&amp;s=3kHZundB8eeabEUa9acwNg 1x, https://i1-vnexpress.vnecdn.net/2022/04/21/nongtrai-2-9432-1650556958.jpg?w=1020&amp;h=0&amp;q=100&amp;dpr=1&amp;fit=crop&amp;s=NDO0582UnJ88R6yMo4mKgQ 1.5x, https://i1-vnexpress.vnecdn.net/2022/04/21/nongtrai-2-9432-1650556958.jpg?w=680&amp;h=0&amp;q=100&amp;dpr=2&amp;fit=crop&amp;s=DyBHOtae0brwVCaz6KjxNQ 2x\" srcset=\"https://i1-vnexpress.vnecdn.net/2022/04/21/nongtrai-2-9432-1650556958.jpg?w=680&amp;h=0&amp;q=100&amp;dpr=1&amp;fit=crop&amp;s=3kHZundB8eeabEUa9acwNg 1x, https://i1-vnexpress.vnecdn.net/2022/04/21/nongtrai-2-9432-1650556958.jpg?w=1020&amp;h=0&amp;q=100&amp;dpr=1&amp;fit=crop&amp;s=NDO0582UnJ88R6yMo4mKgQ 1.5x, https://i1-vnexpress.vnecdn.net/2022/04/21/nongtrai-2-9432-1650556958.jpg?w=680&amp;h=0&amp;q=100&amp;dpr=2&amp;fit=crop&amp;s=DyBHOtae0brwVCaz6KjxNQ 2x\" style=\"margin: 0px; padding: 0px; text-rendering: optimizelegibility;\"><img itemprop=\"contentUrl\" loading=\"lazy\" intrinsicsize=\"680x0\" alt=\"Nông trại rộng 56 ha của anh Đông và những người cộng sự. Ảnh: Bùi Toàn\" class=\"lazy lazied\" src=\"https://i1-vnexpress.vnecdn.net/2022/04/21/nongtrai-2-9432-1650556958.jpg?w=680&amp;h=0&amp;q=100&amp;dpr=1&amp;fit=crop&amp;s=3kHZundB8eeabEUa9acwNg\" data-src=\"https://i1-vnexpress.vnecdn.net/2022/04/21/nongtrai-2-9432-1650556958.jpg?w=680&amp;h=0&amp;q=100&amp;dpr=1&amp;fit=crop&amp;s=3kHZundB8eeabEUa9acwNg\" data-ll-status=\"loaded\" style=\"margin: 0px; padding: 0px; text-rendering: optimizelegibility; border: 0px; font-size: 0px; line-height: 0; max-width: 100%; position: absolute; top: 0px; left: 0px; max-height: 700px; width: 670px;\"></picture></div><figcaption itemprop=\"description\" style=\"margin: 0px; padding: 0px; text-rendering: optimizelegibility; width: 670px; float: left; text-align: left;\"><p class=\"Image\" style=\"margin-right: 0px; margin-bottom: 0px; margin-left: 0px; padding: 10px 0px 0px; text-rendering: optimizespeed; font-variant-numeric: normal; font-variant-east-asian: normal; font-stretch: normal; font-size: 14px; line-height: 22.4px;\">Nông trại rộng 56 ha của anh Đông và những người cộng sự. Ảnh:&nbsp;<em style=\"margin: 0px; padding: 0px; text-rendering: optimizelegibility;\">Bùi Toàn</em></p></figcaption></figure><p class=\"Normal\" style=\"margin-right: 0px; margin-bottom: 1em; margin-left: 0px; padding: 0px; text-rendering: optimizespeed; line-height: 28.8px; color: rgb(34, 34, 34); font-family: arial; font-size: 18px; background-color: rgb(252, 250, 246);\">Thời điểm đầu, cả nông trại chỉ có 5 người, công việc quá nhiều khiến nhóm làm việc ngày đêm cải tạo đất, quy hoạch trang trại. Để giải quyết vấn đề nhân sự, nhóm xây dựng chương trình thực tập sinh thông qua việc kết nối nông trại với các trường đại học, tạo điều kiện cho sinh viên có cơ hội trải nghiệm cách làm nông nghiệp theo hướng hiện đại. Trong quá trình thực tập, những người có năng lực phù hợp sẽ được mời vào làm việc cùng cả nhóm.</p><p class=\"Normal\" style=\"margin-right: 0px; margin-bottom: 1em; margin-left: 0px; padding: 0px; text-rendering: optimizespeed; line-height: 28.8px; color: rgb(34, 34, 34); font-family: arial; font-size: 18px; background-color: rgb(252, 250, 246);\">Từ một vùng đất khô cằn, sau 3 năm, nông trại từ 10 ha đã mở rộng lên 56 ha, chia thành nhiều khu vực cụ thể như khu trồng dược liệu, chăn nuôi, chế biến sản phẩm. Nhiều loại nông sản giá trị cao như dừa xiêm lùn, bưởi, nho... phát triển. Số vốn đầu tư gồm cả tiền đất cho nông trại lên tới 50 tỷ đồng. Ngoài cây trồng, trang trại còn nuôi cừu, kết quả từ 30 con đến nay hơn 100 con; nuôi thêm hươu, nai, đà điểu để phục vụ du lịch trong thời gian tới.</p><p class=\"Normal\" style=\"margin-right: 0px; margin-bottom: 1em; margin-left: 0px; padding: 0px; text-rendering: optimizespeed; line-height: 28.8px; color: rgb(34, 34, 34); font-family: arial; font-size: 18px; background-color: rgb(252, 250, 246);\">Nông trại cũng tạo ra nguồn ngân sách riêng để thử nghiệm các vật nuôi, cây trồng khác nhau. Nếu đạt hiệu quả sẽ chuyển giao cho nông dân bản địa sản xuất. Lượng nông sản sau khi thu hoạch được nông trại thu mua với giá bằng, hoặc cao hơn giá thị trường để tạo thu nhập cho người nông dân. Những chủ nông trại luôn xem nông dân địa phương là mắt xích quan trọng của chuỗi sản phẩm.</p><figure data-size=\"true\" itemprop=\"associatedMedia image\" itemscope=\"\" itemtype=\"http://schema.org/ImageObject\" class=\"tplCaption action_thumb_added\" style=\"margin-right: auto; margin-bottom: 15px; margin-left: auto; padding: 0px; text-rendering: optimizelegibility; max-width: 100%; clear: both; position: relative; text-align: center; width: 670px; float: left; color: rgb(34, 34, 34); font-family: arial; font-size: 18px; background-color: rgb(252, 250, 246);\"><div class=\"fig-picture\" style=\"margin: 0px; padding: 0px 0px 437.087px; text-rendering: optimizelegibility; width: 670px; float: left; display: table; justify-content: center; background: rgb(240, 238, 234); position: relative;\"><picture style=\"margin: 0px; padding: 0px; text-rendering: optimizelegibility;\"><source data-srcset=\"https://i1-vnexpress.vnecdn.net/2022/04/21/nongtrai-3-7326-1650556958.jpg?w=680&amp;h=0&amp;q=100&amp;dpr=1&amp;fit=crop&amp;s=Ls4prAY7RJecgBpMYRMMtg 1x, https://i1-vnexpress.vnecdn.net/2022/04/21/nongtrai-3-7326-1650556958.jpg?w=1020&amp;h=0&amp;q=100&amp;dpr=1&amp;fit=crop&amp;s=6MkBXEB0l1BHGUmxghEyYg 1.5x, https://i1-vnexpress.vnecdn.net/2022/04/21/nongtrai-3-7326-1650556958.jpg?w=680&amp;h=0&amp;q=100&amp;dpr=2&amp;fit=crop&amp;s=hNPZamPnXlxWhGoxBpfJzw 2x\" srcset=\"https://i1-vnexpress.vnecdn.net/2022/04/21/nongtrai-3-7326-1650556958.jpg?w=680&amp;h=0&amp;q=100&amp;dpr=1&amp;fit=crop&amp;s=Ls4prAY7RJecgBpMYRMMtg 1x, https://i1-vnexpress.vnecdn.net/2022/04/21/nongtrai-3-7326-1650556958.jpg?w=1020&amp;h=0&amp;q=100&amp;dpr=1&amp;fit=crop&amp;s=6MkBXEB0l1BHGUmxghEyYg 1.5x, https://i1-vnexpress.vnecdn.net/2022/04/21/nongtrai-3-7326-1650556958.jpg?w=680&amp;h=0&amp;q=100&amp;dpr=2&amp;fit=crop&amp;s=hNPZamPnXlxWhGoxBpfJzw 2x\" style=\"margin: 0px; padding: 0px; text-rendering: optimizelegibility;\"><img itemprop=\"contentUrl\" loading=\"lazy\" intrinsicsize=\"680x0\" alt=\"Anh Đông giới thiệu các khu vực trồng trọt, chăn nuôi ở nông trại. Ảnh: Bùi Toàn\" class=\"lazy lazied\" src=\"https://i1-vnexpress.vnecdn.net/2022/04/21/nongtrai-3-7326-1650556958.jpg?w=680&amp;h=0&amp;q=100&amp;dpr=1&amp;fit=crop&amp;s=Ls4prAY7RJecgBpMYRMMtg\" data-src=\"https://i1-vnexpress.vnecdn.net/2022/04/21/nongtrai-3-7326-1650556958.jpg?w=680&amp;h=0&amp;q=100&amp;dpr=1&amp;fit=crop&amp;s=Ls4prAY7RJecgBpMYRMMtg\" data-ll-status=\"loaded\" style=\"margin: 0px; padding: 0px; text-rendering: optimizelegibility; border: 0px; font-size: 0px; line-height: 0; max-width: 100%; position: absolute; top: 0px; left: 0px; max-height: 700px; width: 670px;\"></picture></div><figcaption itemprop=\"description\" style=\"margin: 0px; padding: 0px; text-rendering: optimizelegibility; width: 670px; float: left; text-align: left;\"><p class=\"Image\" style=\"margin-right: 0px; margin-bottom: 0px; margin-left: 0px; padding: 10px 0px 0px; text-rendering: optimizespeed; font-variant-numeric: normal; font-variant-east-asian: normal; font-stretch: normal; font-size: 14px; line-height: 22.4px;\">Anh Đông giới thiệu các khu vực trồng trọt, chăn nuôi ở nông trại. Ảnh:&nbsp;<em style=\"margin: 0px; padding: 0px; text-rendering: optimizelegibility;\">Bùi Toàn</em></p></figcaption></figure><p class=\"Normal\" style=\"margin-right: 0px; margin-bottom: 1em; margin-left: 0px; padding: 0px; text-rendering: optimizespeed; line-height: 28.8px; color: rgb(34, 34, 34); font-family: arial; font-size: 18px; background-color: rgb(252, 250, 246);\">Bên cạnh đó, những dược liệu trồng tại nông trại được nhóm áp dụng khoa học công nghệ như sấy nóng, sấy lạnh để tạo ra những sản phẩm nông nghiệp hữu cơ như túi xông giải cảm, mặt nạ bùn khoáng... Hiện, có 10 dòng sản phẩm khác nhau cung cấp ra thị trường thông qua 300 kênh bán sỉ, lẻ trên cả nước.</p><p class=\"Normal\" style=\"margin-right: 0px; margin-bottom: 1em; margin-left: 0px; padding: 0px; text-rendering: optimizespeed; line-height: 28.8px; color: rgb(34, 34, 34); font-family: arial; font-size: 18px; background-color: rgb(252, 250, 246);\">Sau một thời gian gây dựng, nông trại đã hoạt động thuận lợi, đạt doanh thu một tỷ đồng mỗi tháng. Nông trại đang có tổng cộng 34 nhân viên chính thức, hơn 10 nhân công địa phương và tiếp nhận hàng chục thực tập sinh muốn học cách làm nông nghiệp hiện đại.</p><p class=\"Normal\" style=\"margin-right: 0px; margin-bottom: 1em; margin-left: 0px; padding: 0px; text-rendering: optimizespeed; line-height: 28.8px; color: rgb(34, 34, 34); font-family: arial; font-size: 18px; background-color: rgb(252, 250, 246);\">Ông Lê Minh Tâm, Trưởng phòng Kinh tế (UBND thị xã Ninh Hòa), cho rằng thực hiện khởi nghiệp từ nông nghiệp là việc làm rất táo bạo, nhất là với người trẻ. Hy vọng thời gian tới mô hình nông trại từ đất nước Israel của nhóm anh Đông phát triển nhiều sản phẩm nông nghiệp, góp phần hỗ trợ nông dân địa bàn.</p>', 1, 1, 1, '2022-04-22 03:47:17', '2022-04-22 10:00:52', '/storage/post/1/QwrACi39vA7Z5FCuetYA.jpg', '9x-lam-giau-nho-mo-hinh-nong-nghiep-israel');
INSERT INTO `posts` (`id`, `title`, `image`, `topic`, `summary`, `content`, `user_id`, `highlight`, `status`, `created_at`, `updated_at`, `image_path`, `slug`) VALUES
(66, 'Tranh tượng hình của Francis Bacon giá hơn 50 triệu USD', 'triptych.jpg', 27, '<p class=\"description\" style=\"margin-right: 0px; margin-bottom: 15px; margin-left: 0px; padding: 0px; text-rendering: optimizelegibility; font-size: 18px; line-height: 28.8px; color: rgb(34, 34, 34); font-family: arial; background-color: rgb(252, 250, 246);\">\"Triptych 1986-1987\" - gồm ba bức tranh tượng hình của họa sĩ người Anh Francis Bacon - được bán giá 50,2 triệu USD.</p><br>', '<p class=\"description\" style=\"margin-right: 0px; margin-bottom: 15px; margin-left: 0px; padding: 0px; text-rendering: optimizelegibility; font-size: 18px; line-height: 28.8px; color: rgb(34, 34, 34); font-family: arial; background-color: rgb(252, 250, 246);\">\"Triptych 1986-1987\" - gồm ba bức tranh tượng hình của họa sĩ người Anh Francis Bacon - được bán giá 50,2 triệu USD.</p><article class=\"fck_detail \" style=\"font-variant-numeric: normal; font-variant-east-asian: normal; font-stretch: normal; font-size: 18px; line-height: 28.8px; font-family: arial; margin: 0px; padding: 0px; text-rendering: optimizelegibility; width: 670px; float: left; position: relative; color: rgb(34, 34, 34); background-color: rgb(252, 250, 246);\"><p class=\"Normal\" style=\"margin-right: 0px; margin-bottom: 1em; margin-left: 0px; padding: 0px; text-rendering: optimizespeed; line-height: 28.8px;\">Con số được chốt trong phiên đấu&nbsp;<em style=\"margin: 0px; padding: 0px; text-rendering: optimizelegibility;\">Thế kỷ 20/21: Giảm giá buổi tối tại London</em>&nbsp;của Christie\'s hồi tháng 3, đứng thứ ba trong các tác phẩm đấu giá đắt nhất từ đầu năm đến nay.</p><p class=\"Normal\" style=\"margin-right: 0px; margin-bottom: 1em; margin-left: 0px; padding: 0px; text-rendering: optimizespeed; line-height: 28.8px;\">Tác phẩm gồm ba bức ghép lại. Bức bên trái dựa trên khoảnh khắc Tổng thống Mỹ Woodrow Wilson rời Quai d\'Orsay trong các cuộc đàm phán Hiệp ước Versailles năm 1919 được đăng trên báo chí.</p><p class=\"Normal\" style=\"margin-right: 0px; margin-bottom: 1em; margin-left: 0px; padding: 0px; text-rendering: optimizespeed; line-height: 28.8px;\">Bên phải là hình ảnh mô tả thiết bị ghi âm được bọc vải của Thành viên Quốc hội Lập hiến Nga Lev Davidovich Trotsky, lấy cảm hứng từ bức ảnh chụp hiện trường ông bị ám sát ở Mexico tháng 8/1940. Ngọn đèn chiếu sáng xuống tờ giấy dính máu, ẩn dụ cho bản chất phù du của cuộc sống.</p><p class=\"Normal\" style=\"margin-right: 0px; margin-bottom: 1em; margin-left: 0px; padding: 0px; text-rendering: optimizespeed; line-height: 28.8px;\">Trung tâm là nhân vật giống John Edwards - cộng sự lúc bấy giờ của Bacon - ở tư thế gợi nhớ đến George Dyer - người tình của họa sĩ - trong bức&nbsp;<em style=\"margin: 0px; padding: 0px; text-rendering: optimizelegibility;\">Black Triptychs</em>&nbsp;mà Bacon vẽ sau khi Dyer tự sát năm 1971. Nhân vật khỏa thân và ánh mắt như đang nhìn chằm chằm vào tấm vải trắng dính máu ở bên phải. Cơ thể như đang bị siết chặt bởi hai miếng đai bảo vệ đùi, thể hiện sự tuyệt vọng ở hiện tại.</p><figure data-size=\"true\" itemprop=\"associatedMedia image\" itemscope=\"\" itemtype=\"http://schema.org/ImageObject\" class=\"tplCaption action_thumb_added\" style=\"margin-right: auto; margin-bottom: 15px; margin-left: auto; padding: 0px; text-rendering: optimizelegibility; max-width: 100%; clear: both; position: relative; text-align: center; width: 670px; float: left;\"><div class=\"fig-picture\" style=\"margin: 0px; padding: 0px 0px 297.587px; text-rendering: optimizelegibility; width: 670px; float: left; display: table; justify-content: center; background: rgb(240, 238, 234); position: relative;\"><picture style=\"margin: 0px; padding: 0px; text-rendering: optimizelegibility;\"><source data-srcset=\"https://i1-giaitri.vnecdn.net/2022/04/21/triptych-1986-7-1756-1650528259.jpg?w=680&amp;h=0&amp;q=100&amp;dpr=1&amp;fit=crop&amp;s=-8sCT2pnbS25iqlaNAZuxg 1x, https://i1-giaitri.vnecdn.net/2022/04/21/triptych-1986-7-1756-1650528259.jpg?w=1020&amp;h=0&amp;q=100&amp;dpr=1&amp;fit=crop&amp;s=QyQ-WvcMONxzvxoXxR0Pkw 1.5x, https://i1-giaitri.vnecdn.net/2022/04/21/triptych-1986-7-1756-1650528259.jpg?w=680&amp;h=0&amp;q=100&amp;dpr=2&amp;fit=crop&amp;s=AelF7Ax6uH09-aUAWPP0_A 2x\" srcset=\"https://i1-giaitri.vnecdn.net/2022/04/21/triptych-1986-7-1756-1650528259.jpg?w=680&amp;h=0&amp;q=100&amp;dpr=1&amp;fit=crop&amp;s=-8sCT2pnbS25iqlaNAZuxg 1x, https://i1-giaitri.vnecdn.net/2022/04/21/triptych-1986-7-1756-1650528259.jpg?w=1020&amp;h=0&amp;q=100&amp;dpr=1&amp;fit=crop&amp;s=QyQ-WvcMONxzvxoXxR0Pkw 1.5x, https://i1-giaitri.vnecdn.net/2022/04/21/triptych-1986-7-1756-1650528259.jpg?w=680&amp;h=0&amp;q=100&amp;dpr=2&amp;fit=crop&amp;s=AelF7Ax6uH09-aUAWPP0_A 2x\" style=\"margin: 0px; padding: 0px; text-rendering: optimizelegibility;\"><img itemprop=\"contentUrl\" loading=\"lazy\" intrinsicsize=\"680x0\" alt=\"Bức Triptych 1986-1987 kích thước 198 x 147,5 cm, chất liệu sơn dầu, phấn màu, sơn aerosol  trên canvas. Ảnh: Christies\" class=\"lazy lazied\" src=\"https://i1-giaitri.vnecdn.net/2022/04/21/triptych-1986-7-1756-1650528259.jpg?w=680&amp;h=0&amp;q=100&amp;dpr=1&amp;fit=crop&amp;s=-8sCT2pnbS25iqlaNAZuxg\" data-src=\"https://i1-giaitri.vnecdn.net/2022/04/21/triptych-1986-7-1756-1650528259.jpg?w=680&amp;h=0&amp;q=100&amp;dpr=1&amp;fit=crop&amp;s=-8sCT2pnbS25iqlaNAZuxg\" data-ll-status=\"loaded\" style=\"margin: 0px; padding: 0px; text-rendering: optimizelegibility; border: 0px; font-size: 0px; line-height: 0; max-width: 100%; position: absolute; top: 0px; left: 0px; max-height: 700px; width: 670px;\"></picture></div><figcaption itemprop=\"description\" style=\"margin: 0px; padding: 0px; text-rendering: optimizelegibility; width: 670px; float: left; text-align: left;\"><p class=\"Image\" style=\"margin-right: 0px; margin-bottom: 0px; margin-left: 0px; padding: 10px 0px 0px; text-rendering: optimizespeed; font-variant-numeric: normal; font-variant-east-asian: normal; font-stretch: normal; font-size: 14px; line-height: 22.4px;\">Bức \"Triptych 1986-1987\" kích thước 198x147,5 cm, chất liệu sơn dầu, phấn màu, sơn aerosol trên canvas. Ảnh:&nbsp;<em style=\"margin: 0px; padding: 0px; text-rendering: optimizelegibility;\">Christie\'s</em></p></figcaption></figure><p class=\"Normal\" style=\"margin-right: 0px; margin-bottom: 1em; margin-left: 0px; padding: 0px; text-rendering: optimizespeed; line-height: 28.8px;\">Theo&nbsp;<em style=\"margin: 0px; padding: 0px; text-rendering: optimizelegibility;\">Christie\'s</em>, ba khung hình được kết nối bằng hình ảnh vỉa hè xuất hiện ở khung thứ nhất và thứ ba. Tuy nhiên, mỗi khung hình đều có giá trị độc lập. Sự đơn độc của chủ thể càng được tôn lên bởi khoảng trống màu đen phía sau.</p><p class=\"Normal\" style=\"margin-right: 0px; margin-bottom: 1em; margin-left: 0px; padding: 0px; text-rendering: optimizespeed; line-height: 28.8px;\"><span style=\"margin: 0px; padding: 0px; text-rendering: optimizelegibility; color: rgb(51, 51, 51);\"><strong style=\"margin: 0px; padding: 0px; text-rendering: optimizelegibility;\">Tác phẩm truyền đạt sự cô độc, cái chết của con người và lồng ghép những vấn đề lịch sử</strong></span>, theo giới chuyên môn. Katharine Arnold - đứng đầu mảng Nghệ thuật đương đại và hậu chiến châu Âu tại Christie\'s ở London - cho biết qua hai nhân vật đề cập trong tranh, kiệt tác gói gọn suy ngẫm của Bacon về nỗi đau, sự cô độc và cái chết khi đối mặt sự tàn nhẫn của lịch sử.</p><p class=\"Normal\" style=\"margin-right: 0px; margin-bottom: 1em; margin-left: 0px; padding: 0px; text-rendering: optimizespeed; line-height: 28.8px;\">\"Trong bức tranh lớn về cuộc sống, cái chết, tình yêu, nghệ thuật và chiến tranh, Bacon dường như cho thấy rằng cuối cùng chúng ta đều cô đơn\", ông nói.</p><p class=\"Normal\" style=\"margin-right: 0px; margin-bottom: 1em; margin-left: 0px; padding: 0px; text-rendering: optimizespeed; line-height: 28.8px;\">Theo nhà đấu giá, hình ảnh Wilson và Trotsky đặt cạnh nhau được giới chuyên môn giải thích là ngụ ý \"vẽ nên lịch sử châu Âu trong cuộc đời Bacon\". Đồng thời ám chỉ việc Trotsky từ New York, Mỹ về Nga năm 1917.</p><p class=\"Normal\" style=\"margin-right: 0px; margin-bottom: 1em; margin-left: 0px; padding: 0px; text-rendering: optimizespeed; line-height: 28.8px;\">Hình ảnh Edwards ngồi trên ghế trên một chiếc bục, trông như cuốn sách tham khảo cỡ lớn được sử gia nghệ thuật Martin Harrison gọi là bài phê bình về nỗi đau và sự cô độc.</p><p class=\"Normal\" style=\"margin-right: 0px; margin-bottom: 1em; margin-left: 0px; padding: 0px; text-rendering: optimizespeed; line-height: 28.8px;\">Năm 1988,&nbsp;<em style=\"margin: 0px; padding: 0px; text-rendering: optimizelegibility;\">Triptych 1986-1987</em>&nbsp;là một trong 23 tác phẩm của Bacon được trưng bày tại phòng triển lãm New Tretyakov ở Moscow - triển lãm đầu tiên của một nghệ sĩ phương Tây nổi tiếng diễn ra tại Nga. Arnold nói: \"Mặc dù nhiều người xem không công nhận một phần tác phẩm có nguồn gốc từ bức ảnh của Trotsky, việc trưng bày bức tranh cho thấy sự thay đổi lớn trong thái độ chính trị của Nga đối với nghệ thuật\". Hơn một thập niên sau, tác phẩm được trưng bày tại nhiều sự kiện ở Mỹ.</p><figure data-size=\"true\" itemprop=\"associatedMedia image\" itemscope=\"\" itemtype=\"http://schema.org/ImageObject\" class=\"tplCaption action_thumb_added\" style=\"margin-right: auto; margin-bottom: 15px; margin-left: auto; padding: 0px; text-rendering: optimizelegibility; max-width: 100%; clear: both; position: relative; text-align: center; width: 670px; float: left;\"><div class=\"fig-picture\" style=\"margin: 0px; padding: 0px 0px 357.325px; text-rendering: optimizelegibility; width: 670px; float: left; display: table; justify-content: center; background: rgb(240, 238, 234); position: relative;\"><picture style=\"margin: 0px; padding: 0px; text-rendering: optimizelegibility;\"><source data-srcset=\"https://i1-giaitri.vnecdn.net/2022/04/21/francis-bacon-7680-1650528259.jpg?w=680&amp;h=0&amp;q=100&amp;dpr=1&amp;fit=crop&amp;s=m71kmaOdfw0IUTBb-Hv3dQ 1x, https://i1-giaitri.vnecdn.net/2022/04/21/francis-bacon-7680-1650528259.jpg?w=1020&amp;h=0&amp;q=100&amp;dpr=1&amp;fit=crop&amp;s=2yBiaqw6Y3lg8UN6kZk9ug 1.5x, https://i1-giaitri.vnecdn.net/2022/04/21/francis-bacon-7680-1650528259.jpg?w=680&amp;h=0&amp;q=100&amp;dpr=2&amp;fit=crop&amp;s=4L1L4ZBI2gLGA6CNmA9yOQ 2x\" srcset=\"https://i1-giaitri.vnecdn.net/2022/04/21/francis-bacon-7680-1650528259.jpg?w=680&amp;h=0&amp;q=100&amp;dpr=1&amp;fit=crop&amp;s=m71kmaOdfw0IUTBb-Hv3dQ 1x, https://i1-giaitri.vnecdn.net/2022/04/21/francis-bacon-7680-1650528259.jpg?w=1020&amp;h=0&amp;q=100&amp;dpr=1&amp;fit=crop&amp;s=2yBiaqw6Y3lg8UN6kZk9ug 1.5x, https://i1-giaitri.vnecdn.net/2022/04/21/francis-bacon-7680-1650528259.jpg?w=680&amp;h=0&amp;q=100&amp;dpr=2&amp;fit=crop&amp;s=4L1L4ZBI2gLGA6CNmA9yOQ 2x\" style=\"margin: 0px; padding: 0px; text-rendering: optimizelegibility;\"><img itemprop=\"contentUrl\" loading=\"lazy\" intrinsicsize=\"680x0\" alt=\"Hình ảnh Tổng thống Wilson rời Quai d’Orsay (trái) và căn phòng ở Mexico nơi Trotsky bị sát hại được tác giả chọn làm cảm hứng vẽ tranh. Ảnh: Christies\" class=\"lazy lazied\" src=\"https://i1-giaitri.vnecdn.net/2022/04/21/francis-bacon-7680-1650528259.jpg?w=680&amp;h=0&amp;q=100&amp;dpr=1&amp;fit=crop&amp;s=m71kmaOdfw0IUTBb-Hv3dQ\" data-src=\"https://i1-giaitri.vnecdn.net/2022/04/21/francis-bacon-7680-1650528259.jpg?w=680&amp;h=0&amp;q=100&amp;dpr=1&amp;fit=crop&amp;s=m71kmaOdfw0IUTBb-Hv3dQ\" data-ll-status=\"loaded\" style=\"margin: 0px; padding: 0px; text-rendering: optimizelegibility; border: 0px; font-size: 0px; line-height: 0; max-width: 100%; position: absolute; top: 0px; left: 0px; max-height: 700px; width: 670px;\"></picture></div><figcaption itemprop=\"description\" style=\"margin: 0px; padding: 0px; text-rendering: optimizelegibility; width: 670px; float: left; text-align: left;\"><p class=\"Image\" style=\"margin-right: 0px; margin-bottom: 0px; margin-left: 0px; padding: 10px 0px 0px; text-rendering: optimizespeed; font-variant-numeric: normal; font-variant-east-asian: normal; font-stretch: normal; font-size: 14px; line-height: 22.4px;\">Hình ảnh Tổng thống Wilson rời Quai d’Orsay (trái) và căn phòng ở Mexico nơi Trotsky bị sát hại được tác giả chọn làm cảm hứng vẽ tranh. Ảnh:&nbsp;<em style=\"margin: 0px; padding: 0px; text-rendering: optimizelegibility;\">Christie\'s</em></p></figcaption></figure><p class=\"Normal\" style=\"margin-right: 0px; margin-bottom: 1em; margin-left: 0px; padding: 0px; text-rendering: optimizespeed; line-height: 28.8px;\">Katharine Arnold nhận định dạng tranh gồm ba bức kích thước lớn mang đến cho Bacon cơ hội ghi lại cuộc đời mình qua các sự kiện lịch sử. Thời điểm vẽ&nbsp;<em style=\"margin: 0px; padding: 0px; text-rendering: optimizelegibility;\">Triptych 1986-1987</em>, Bacon sống gần trọn vẹn thế kỷ 20, đạt được những thành tựu cá nhân và trải qua cả những sự kiện khắc nghiệt. Họa sĩ vẫn bị ám ảnh bởi cái chết bi thảm của người tình đồng tính George Dyer. Bởi thế, các nguồn ảnh lấy cảm hứng trong tác phẩm kéo dài gần như toàn bộ cuộc đời Bacon. \"Các bức tranh được vẽ bằng kinh nghiệm sống, những thành tựu và cả tổn thương của ông ấy\", Arnold nói.</p><p class=\"Normal\" style=\"margin-right: 0px; margin-bottom: 1em; margin-left: 0px; padding: 0px; text-rendering: optimizespeed; line-height: 28.8px;\">Tại một sự kiện năm 1991, họa sĩ nói với nhà phê bình nghệ thuật John Gruen: \"Tôi cảm thấy một nghệ sĩ phải được nuôi dưỡng bởi đam mê và cả sự thất vọng của mình\".</p><p class=\"Normal\" style=\"margin-right: 0px; margin-bottom: 1em; margin-left: 0px; padding: 0px; text-rendering: optimizespeed; line-height: 28.8px;\">Từ năm 1962 đến 1991, Bacon chỉ sáng tác 28 bộ ba tác phẩm cỡ lớn, mỗi bức có kích thước 198 x 147,5 cm. Gần một nửa số đó nằm trong các viện bảo tàng trên toàn thế giới.&nbsp;<em style=\"margin: 0px; padding: 0px; text-rendering: optimizelegibility;\">Triptych 1986-1987</em>&nbsp;thuộc số ít tác phẩm nằm trong tay tư nhân.</p><figure data-size=\"true\" itemprop=\"associatedMedia image\" itemscope=\"\" itemtype=\"http://schema.org/ImageObject\" class=\"tplCaption action_thumb_added\" style=\"margin-right: auto; margin-bottom: 15px; margin-left: auto; padding: 0px; text-rendering: optimizelegibility; max-width: 100%; clear: both; position: relative; text-align: center; width: 670px; float: left;\"><div class=\"fig-picture\" style=\"margin: 0px; padding: 0px 0px 700px; text-rendering: optimizelegibility; width: 670px; float: left; display: table; justify-content: center; background: rgb(240, 238, 234); position: relative;\"><picture style=\"margin: 0px; padding: 0px; text-rendering: optimizelegibility;\"><source data-srcset=\"https://i1-giaitri.vnecdn.net/2022/04/21/young-francis-bacon-9276-1650528259.jpg?w=680&amp;h=0&amp;q=100&amp;dpr=1&amp;fit=crop&amp;s=xy6IrrRU8HFIysUydb75oQ 1x, https://i1-giaitri.vnecdn.net/2022/04/21/young-francis-bacon-9276-1650528259.jpg?w=1020&amp;h=0&amp;q=100&amp;dpr=1&amp;fit=crop&amp;s=uKUWLFKXmsWeeJ1r-mB4pA 1.5x, https://i1-giaitri.vnecdn.net/2022/04/21/young-francis-bacon-9276-1650528259.jpg?w=680&amp;h=0&amp;q=100&amp;dpr=2&amp;fit=crop&amp;s=w8DB2AExDogykOdYv-nmRw 2x\" srcset=\"https://i1-giaitri.vnecdn.net/2022/04/21/young-francis-bacon-9276-1650528259.jpg?w=680&amp;h=0&amp;q=100&amp;dpr=1&amp;fit=crop&amp;s=xy6IrrRU8HFIysUydb75oQ 1x, https://i1-giaitri.vnecdn.net/2022/04/21/young-francis-bacon-9276-1650528259.jpg?w=1020&amp;h=0&amp;q=100&amp;dpr=1&amp;fit=crop&amp;s=uKUWLFKXmsWeeJ1r-mB4pA 1.5x, https://i1-giaitri.vnecdn.net/2022/04/21/young-francis-bacon-9276-1650528259.jpg?w=680&amp;h=0&amp;q=100&amp;dpr=2&amp;fit=crop&amp;s=w8DB2AExDogykOdYv-nmRw 2x\" style=\"margin: 0px; padding: 0px; text-rendering: optimizelegibility;\"><img itemprop=\"contentUrl\" loading=\"lazy\" intrinsicsize=\"680x0\" alt=\"Họa sĩ thời trẻ. Ảnh: Francis-bacon.com\" class=\"lazy lazied\" src=\"https://i1-giaitri.vnecdn.net/2022/04/21/young-francis-bacon-9276-1650528259.jpg?w=680&amp;h=0&amp;q=100&amp;dpr=1&amp;fit=crop&amp;s=xy6IrrRU8HFIysUydb75oQ\" data-src=\"https://i1-giaitri.vnecdn.net/2022/04/21/young-francis-bacon-9276-1650528259.jpg?w=680&amp;h=0&amp;q=100&amp;dpr=1&amp;fit=crop&amp;s=xy6IrrRU8HFIysUydb75oQ\" data-ll-status=\"loaded\" style=\"margin: 0px; padding: 0px; text-rendering: optimizelegibility; border: 0px; font-size: 0px; line-height: 0; max-width: 100%; position: absolute; top: 0px; left: 100.5px; max-height: 700px; width: 469px;\"></picture></div><figcaption itemprop=\"description\" style=\"margin: 0px; padding: 0px; text-rendering: optimizelegibility; width: 670px; float: left; text-align: left;\"><p class=\"Image\" style=\"margin-right: 0px; margin-bottom: 0px; margin-left: 0px; padding: 10px 0px 0px; text-rendering: optimizespeed; font-variant-numeric: normal; font-variant-east-asian: normal; font-stretch: normal; font-size: 14px; line-height: 22.4px;\">Họa sĩ thời trẻ. Ảnh:&nbsp;<em style=\"margin: 0px; padding: 0px; text-rendering: optimizelegibility;\">Francis-bacon.com</em></p></figcaption></figure><p class=\"Normal\" style=\"margin-right: 0px; margin-bottom: 1em; margin-left: 0px; padding: 0px; text-rendering: optimizespeed; line-height: 28.8px;\">Francis Bacon (1909-1992) là họa sĩ tượng hình người Anh sinh ra tại Ireland. Ông nổi tiếng với những tác phẩm táo bạo, cảm tính, thô sơ và có phần kỳ cục. Tên tuổi của ông bắt đầu nổi tiếng từ tác phẩm&nbsp;<em style=\"margin: 0px; padding: 0px; text-rendering: optimizelegibility;\">Three Studies for Figures at the Base of a Crucifixion</em>&nbsp;(1944), hiện được lưu giữ tại phòng trưng bày Tate, Anh. Bức tranh từng được Chris Stephens - giám tuyển của Tate - gọi là \"một bước ngoặt trong lịch sử nghệ thuật Anh\".</p><p class=\"Normal\" style=\"margin-right: 0px; margin-bottom: 1em; margin-left: 0px; padding: 0px; text-rendering: optimizespeed; line-height: 28.8px;\">Từ năm 1950, Bacon bắt đầu đưa công việc, chân dung bạn bè, người yêu vào trong các tác phẩm. Họa sĩ thích vẽ từ ảnh hơn là người thật. Theo&nbsp;<em style=\"margin: 0px; padding: 0px; text-rendering: optimizelegibility;\">Christie\'s</em>, Bacon từng nói rằng vẽ từ ảnh chụp giúp ông tương tác với các xung động của hệ thần kinh. Ông cố gắng hé lộ linh hồn hoang dã ẩn sâu bên trong của con người, điều ông hay gọi là \"nhịp điệu của một người\". \"Ngay cả khi bạn bè đến và tạo dáng, tôi cũng chụp ảnh lại rồi vẽ\", họa sĩ nói. Tại sự kiện năm 1985, ông Alan Bowness - giám đốc phòng trưng bày Tate - tuyên bố Bacon là họa sĩ còn sống vĩ đại nhất.</p><p class=\"Normal\" style=\"margin-right: 0px; margin-bottom: 1em; margin-left: 0px; padding: 0px; text-rendering: optimizespeed; line-height: 28.8px;\">Nhiều tác phẩm của Francis Bacon được bán với giá cao. Bức&nbsp;<em style=\"margin: 0px; padding: 0px; text-rendering: optimizelegibility;\">Triptych 1976</em>&nbsp;được bán giá 86,3 triệu USD trong phiên của Sotheby\'s năm 2008. Tranh&nbsp;<em style=\"margin: 0px; padding: 0px; text-rendering: optimizelegibility;\">Three studies for a portrait of John Edward&nbsp;</em>(1984) được nhà Christie\'s bán giá 80,8 triệu USD vào tháng 5/2014.&nbsp;<em style=\"margin: 0px; padding: 0px; text-rendering: optimizelegibility;\">Portrait of George Dyer Talking</em>&nbsp;(1966) bán được 70 triệu USD hồi tháng 2/2014.</p><figure data-size=\"true\" itemprop=\"associatedMedia image\" itemscope=\"\" itemtype=\"http://schema.org/ImageObject\" class=\"tplCaption action_thumb_added\" style=\"margin-right: auto; margin-bottom: 15px; margin-left: auto; padding: 0px; text-rendering: optimizelegibility; max-width: 100%; clear: both; position: relative; text-align: center; width: 670px; float: left;\"><div class=\"action_thumb flexbox\" style=\"margin: 0px; padding: 0px; text-rendering: optimizelegibility; display: flex; position: absolute; top: 10px; right: 10px; background: rgb(23, 25, 26); height: 32px; border-radius: 3px; z-index: 9; transform-origin: 0px 0px; opacity: 1; transform: scale(1, 1);\"><a class=\"share_photo\" data-type=\"fb\" data-reference-id=\"0\" style=\"margin: 0px; padding: 0px 10px; text-rendering: optimizelegibility; color: rgb(255, 255, 255); text-decoration-line: underline; position: relative; text-underline-position: under; height: 32px; line-height: 30px;\"><svg class=\"ic ic-facebook\"><use xlink:href=\"#Facebook\"></use></svg></a><a class=\"share_photo\" data-type=\"tw\" data-reference-id=\"0\" style=\"margin: 0px; padding: 0px 10px; text-rendering: optimizelegibility; color: rgb(255, 255, 255); text-decoration-line: underline; position: relative; text-underline-position: under; height: 32px; line-height: 30px;\"><svg class=\"ic ic-twitte\"><use xlink:href=\"#Twitter\"></use></svg></a><a class=\"vne_zoom\" style=\"margin: 0px; padding: 0px 10px; text-rendering: optimizelegibility; color: rgb(255, 255, 255); text-decoration-line: underline; position: relative; text-underline-position: under; height: 32px; line-height: 30px; transform-origin: 0px 0px; opacity: 1; transform: scale(1, 1);\"><svg class=\"ic ic-zoom\"><use xlink:href=\"#Zoom\"></use></svg></a></div><div class=\"fig-picture\" style=\"margin: 0px; padding: 0px 0px 319.925px; text-rendering: optimizelegibility; width: 670px; float: left; display: table; justify-content: center; background: rgb(240, 238, 234); position: relative;\"><picture style=\"margin: 0px; padding: 0px; text-rendering: optimizelegibility;\"><source data-srcset=\"https://i1-giaitri.vnecdn.net/2022/04/21/Triptych-1976-3669-1650528259.jpg?w=680&amp;h=0&amp;q=100&amp;dpr=1&amp;fit=crop&amp;s=-WPUMRlaBzEYX8YtpzU1dg 1x, https://i1-giaitri.vnecdn.net/2022/04/21/Triptych-1976-3669-1650528259.jpg?w=1020&amp;h=0&amp;q=100&amp;dpr=1&amp;fit=crop&amp;s=akqjpu5IRTblsEXne1ZWMA 1.5x, https://i1-giaitri.vnecdn.net/2022/04/21/Triptych-1976-3669-1650528259.jpg?w=680&amp;h=0&amp;q=100&amp;dpr=2&amp;fit=crop&amp;s=tT3yfpGDjZpWG5BHx7s-fw 2x\" srcset=\"https://i1-giaitri.vnecdn.net/2022/04/21/Triptych-1976-3669-1650528259.jpg?w=680&amp;h=0&amp;q=100&amp;dpr=1&amp;fit=crop&amp;s=-WPUMRlaBzEYX8YtpzU1dg 1x, https://i1-giaitri.vnecdn.net/2022/04/21/Triptych-1976-3669-1650528259.jpg?w=1020&amp;h=0&amp;q=100&amp;dpr=1&amp;fit=crop&amp;s=akqjpu5IRTblsEXne1ZWMA 1.5x, https://i1-giaitri.vnecdn.net/2022/04/21/Triptych-1976-3669-1650528259.jpg?w=680&amp;h=0&amp;q=100&amp;dpr=2&amp;fit=crop&amp;s=tT3yfpGDjZpWG5BHx7s-fw 2x\" style=\"margin: 0px; padding: 0px; text-rendering: optimizelegibility;\"><img itemprop=\"contentUrl\" loading=\"lazy\" intrinsicsize=\"680x0\" alt=\"Bức Triptych 1976 chất liệu dầu và phấn màu trên canvas. Ảnh: Sothebys\" class=\"lazy lazied\" src=\"https://i1-giaitri.vnecdn.net/2022/04/21/Triptych-1976-3669-1650528259.jpg?w=680&amp;h=0&amp;q=100&amp;dpr=1&amp;fit=crop&amp;s=-WPUMRlaBzEYX8YtpzU1dg\" data-src=\"https://i1-giaitri.vnecdn.net/2022/04/21/Triptych-1976-3669-1650528259.jpg?w=680&amp;h=0&amp;q=100&amp;dpr=1&amp;fit=crop&amp;s=-WPUMRlaBzEYX8YtpzU1dg\" data-ll-status=\"loaded\" style=\"margin: 0px; padding: 0px; text-rendering: optimizelegibility; border: 0px; font-size: 0px; line-height: 0; max-width: 100%; position: absolute; top: 0px; left: 0px; max-height: 700px; width: 670px;\"></picture></div><figcaption itemprop=\"description\" style=\"margin: 0px; padding: 0px; text-rendering: optimizelegibility; width: 670px; float: left; text-align: left;\"><p class=\"Image\" style=\"margin-right: 0px; margin-bottom: 0px; margin-left: 0px; padding: 10px 0px 0px; text-rendering: optimizespeed; font-variant-numeric: normal; font-variant-east-asian: normal; font-stretch: normal; font-size: 14px; line-height: 22.4px;\">Bức \"Triptych 1976\" chất liệu dầu và phấn màu trên canvas. Ảnh:&nbsp;<em style=\"margin: 0px; padding: 0px; text-rendering: optimizelegibility;\">Sotheby\'s</em></p></figcaption></figure></article>', 2, 1, 1, '2022-04-22 03:57:44', '2022-04-22 09:59:23', '/storage/post/1/lu3fKZcoKIkJh8cXlkWP.jpg', 'tranh-tuong-hinh-cua-francis-bacon-gia-hon-50-trieu-usd');
INSERT INTO `posts` (`id`, `title`, `image`, `topic`, `summary`, `content`, `user_id`, `highlight`, `status`, `created_at`, `updated_at`, `image_path`, `slug`) VALUES
(67, 'Thanh Thanh Hiền: \'Tôi không màng yêu đương\'', 'thanh-thanh-hienjpg.jpg', 27, '<span style=\"color: rgb(34, 34, 34); font-family: arial; font-size: 18px; background-color: rgb(252, 250, 246);\">Ca sĩ Thanh Thanh Hiền nói tận hưởng sống độc thân, né tránh mọi quan hệ tình cảm, sau hai năm ly hôn Chế Phong.</span>', '<p class=\"Normal\" style=\"margin-right: 0px; margin-bottom: 1em; margin-left: 0px; padding: 0px; text-rendering: optimizespeed; line-height: 28.8px; color: rgb(34, 34, 34); font-family: arial; font-size: 18px; background-color: rgb(252, 250, 246);\">Chị mới đây nhận lời làm trưởng ban giám khảo cuộc thi ca hát Ngôi sao Bolero (diễn ra từ tháng 5 đến tháng 7). Dịp này, nghệ sĩ tâm sự về tình yêu, dự định tương lai.</p><p class=\"Normal\" style=\"margin-right: 0px; margin-bottom: 1em; margin-left: 0px; padding: 0px; text-rendering: optimizespeed; line-height: 28.8px; color: rgb(34, 34, 34); font-family: arial; font-size: 18px; background-color: rgb(252, 250, 246);\">Thanh Thanh Hiền&nbsp;<a href=\"https://vnexpress.net/thanh-thanh-hien-che-phong-ly-hon-4201902.html\" rel=\"dofollow\" style=\"margin: 0px; padding: 0px 0px 1px; text-rendering: optimizelegibility; color: rgb(7, 109, 182); position: relative; text-underline-position: under; border-bottom-width: 1px; border-bottom-style: solid;\">ly hôn</a>&nbsp;Chế Phong năm 2020, sau 5 năm chung sống. Trước Chế Phong, ca sĩ trải qua cuộc hôn nhân với nghệ sĩ đàn bầu Hoàng Anh Tú, có hai con gái.</p><p class=\"Normal\" style=\"margin-right: 0px; margin-bottom: 1em; margin-left: 0px; padding: 0px; text-rendering: optimizespeed; line-height: 28.8px; color: rgb(34, 34, 34); font-family: arial; font-size: 18px; background-color: rgb(252, 250, 246);\"><em style=\"margin: 0px; padding: 0px; text-rendering: optimizelegibility;\">- Cuộc sống của chị sau hai năm ly hôn thế nào?</em></p><p class=\"Normal\" style=\"margin-right: 0px; margin-bottom: 1em; margin-left: 0px; padding: 0px; text-rendering: optimizespeed; line-height: 28.8px; color: rgb(34, 34, 34); font-family: arial; font-size: 18px; background-color: rgb(252, 250, 246);\">- Tôi hài lòng với cuộc sống độc thân. Hàng ngày, tôi bận rộn đi diễn, chăm sóc nhà cửa. Bên cạnh âm nhạc, niềm vui lớn nhất của tôi giờ là hai con gái, càng lớn càng ngoan ngoãn và hiểu chuyện.</p><p class=\"Normal\" style=\"margin-right: 0px; margin-bottom: 1em; margin-left: 0px; padding: 0px; text-rendering: optimizespeed; line-height: 28.8px; color: rgb(34, 34, 34); font-family: arial; font-size: 18px; background-color: rgb(252, 250, 246);\">Lúc mới&nbsp;<a href=\"https://vnexpress.net/thanh-thanh-hien-che-phong-ly-hon-4201902.html\" rel=\"dofollow\" style=\"margin: 0px; padding: 0px 0px 1px; text-rendering: optimizelegibility; color: rgb(7, 109, 182); position: relative; text-underline-position: under; border-bottom-width: 1px; border-bottom-style: solid;\">chia tay</a>, tôi chông chênh một thời gian, nhưng may mắn có nhiều bạn bè quan tâm, chia sẻ. Mỗi lần đứng trên sân khấu, tôi quên hết mọi chuyện, tập trung biểu diễn cho khán giả. Nghe những tràng vỗ tay giòn giã, tôi thấy nhẹ lòng.</p><p class=\"Normal\" style=\"margin-right: 0px; margin-bottom: 1em; margin-left: 0px; padding: 0px; text-rendering: optimizespeed; line-height: 28.8px; color: rgb(34, 34, 34); font-family: arial; font-size: 18px; background-color: rgb(252, 250, 246);\">Nhiều đêm, tôi giật mình vì gặp ác mộng và chưa quen với cô đơn, may mắn có con gái ở bên, nắm chặt tay mẹ. Con út tôi, Thái Phương (19 tuổi), nói: \"Mẹ đừng buồn, mẹ hãy coi biến cố này như một bài toán. Lần này giải sai rồi thì giải lại thôi\". Tôi bất ngờ vì con có suy nghĩ sâu sắc đến vậy. Tôi nghĩ hai năm là đủ dài để tôi nguôi ngoai, gác lại mọi chuyện cũ, bình thản hơn. Đó là tôi ở tuổi ngoài 50 nên mới cần nhiều thời gian đến vậy. Hồi trẻ, tôi chỉ cần vài ngày để chấm dứt một mối quan hệ. Tôi cũng cắt đứt hoàn toàn liên lạc với chồng cũ. Tôi nghĩ đó là cách tốt nhất với cả hai. Ai cũng cần bắt đầu một cuộc sống mới.</p><div style=\"margin: 0px; padding: 0px; text-rendering: optimizelegibility; color: rgb(34, 34, 34); font-family: arial; font-size: 18px; background-color: rgb(252, 250, 246); text-align: center;\"><figure class=\"item_slide_show clearfix\" style=\"margin-right: auto; margin-bottom: 20px; margin-left: auto; padding: 0px; text-rendering: optimizelegibility; max-width: 100%; clear: both; position: relative;\"><div id=\"video_parent_352968\" class=\"box_embed_video_parent embed_video_new\" data-vcate=\"1003834\" data-vscate=\"1003007\" data-vscaten=\"Giải trí\" data-vid=\"352968\" data-ratio=\"1\" data-articleoriginal=\"4454563\" data-ads=\"1\" data-license=\"0\" data-duration=\"286\" data-brandsafe=\"0\" data-type=\"0\" data-play=\"1\" data-frame=\"\" data-aot=\"\" data-videoclassify=\"None\" data-initdom=\"1\" data-view=\"inview\" data-auto=\"1\" data-status=\"play\" style=\"margin: 0px; padding: 0px; text-rendering: optimizelegibility; position: relative; overflow: hidden; clear: both;\"><div id=\"embed_video_352968\" class=\"box_embed_video\" style=\"margin: 0px; padding: 0px 0px 376.875px; text-rendering: optimizelegibility; height: 0px; width: 670px; position: relative; background: rgb(225, 225, 225);\"><div class=\"bg_overlay_small_unpin\" style=\"margin: 0px; padding: 0px; text-rendering: optimizelegibility;\"></div><div class=\"bg_overlay_small\" style=\"margin: 0px; padding: 0px; text-rendering: optimizelegibility;\"></div><div class=\"embed-container\" style=\"margin: 0px; padding: 0px 0px 376.875px; text-rendering: optimizelegibility; position: relative; height: 0px; overflow: hidden; clear: both; transition-duration: 300ms; transition-property: left; transition-timing-function: cubic-bezier(0.7, 1, 0.7, 1);\"><div id=\"video-352968\" style=\"margin: 0px; padding: 0px; text-rendering: optimizelegibility; width: 670px; height: 376.875px;\"><div id=\"parser_player_352968\" class=\"media_content\" style=\"margin: 0px; padding: 0px; text-rendering: optimizelegibility; width: 670px; height: 376.875px; position: relative; background: rgb(0, 0, 0); text-align: left;\"><div id=\"videoContainter_352968\" class=\"videoContainter\" style=\"margin: 0px; padding: 0px; text-rendering: optimizelegibility; width: 670px; height: 376.875px;\"><div class=\"video-js vjs-default-skin vjs-controls-enabled vjs-workinghover vjs-v7 media-video-352968-dimensions vjs-playing vjs-has-started vjs-user-inactive\" data-ex=\"st=0&amp;bs=0&amp;pt=1\" adsconfig=\"{&quot;adlist&quot;:[{&quot;type&quot;:&quot;preroll&quot;,&quot;tag&quot;:&quot;https:\\/\\/pubads.g.doubleclick.net\\/gampad\\/ads?iu=\\/27973503\\/Vnexpress\\/Desktop\\/Instream.preroll\\/Giaitri\\/Giaitri.detail&amp;description_url=http%3A%2F%2Fvnexpress.net&amp;tfcd=0&amp;npa=0&amp;sz=640x360&amp;gdfp_req=1&amp;output=vast&amp;unviewed_position_start=1&amp;env=vp&amp;impl=s&amp;correlator=&quot;,&quot;skipOffset&quot;:&quot;00:00:06&quot;,&quot;duration&quot;:&quot;00:00:30&quot;},{&quot;type&quot;:&quot;overlay&quot;,&quot;tag&quot;:&quot;&quot;,&quot;script&quot;:&quot;%3Cdiv%20id%3D%22div-gpt-ad-overlay%22%3E%3Cdiv%20style%3D%22height%3A70px%3Bwidth%3A480px%3B%22%3E%3C%2Fdiv%3E%3C%2Fdiv%3E%3Cscript%3Evar%20gR%3D%210%2CsR%3D%22div-overlay-0%22%2BMath.round%281E6%2AMath.random%28%29%29%2CeL%3Ddocument.getElementById%28%22div-gpt-ad-overlay%22%29%3Bif%28eL%29%7BeL.firstChild.id%3DsR%3Bif%28%21window.googletag%7C%7C%21googletag.apiReady%29%7BgR%3D%211%3Bvar%20googletag%3Dwindow.googletag%7C%7C%7Bcmd%3A%5B%5D%7D%2Csb%3Ddocument.getElementsByTagName%28%22script%22%29%5B0%5D%2Csa%3Ddocument.createElement%28%22script%22%29%3Bsa.setAttribute%28%22type%22%2C%22text%2Fjavascript%22%29%3Bsa.setAttribute%28%22src%22%2C%22https%3A%2F%2Fwww.googletagservices.com%2Ftag%2Fjs%2Fgpt.js%22%29%3Bsa.setAttribute%28%22async%22%2C%22true%22%29%3Bsb.parentNode.appendChild%28sa%29%7Dtry%7Bgoogletag.cmd.push%28function%28%29%7Bvar%20a%3Dgoogletag.defineSlot%28%22%2F27973503%2FVnexpress%2FDesktop%2FOverlay%2FGiaitri%2FGiaitri.detail%22%2C%5B%22fluid%22%2C%20%5B480%2C%2070%5D%5D%2CsR%29%3Ba%26%26%28a.addService%28googletag.pubads%28%29%29%2CgR%3Fgoogletag.pubads%28%29.refresh%28%5Ba%5D%29%3A%28googletag.pubads%28%29.enableSingleRequest%28%29%2Cgoogletag.enableServices%28%29%2Cgoogletag.pubads%28%29.refresh%28%5Ba%5D%29%29%29%7D%29%7Dcatch%28a%29%7B%7D%7D%3B%3C%2Fscript%3E&quot;,&quot;size&quot;:&quot;480x70&quot;,&quot;offset&quot;:&quot;30%&quot;,&quot;skipOffset&quot;:&quot;00:00:01&quot;,&quot;duration&quot;:&quot;00:00:15&quot;}]}\" ads=\"\" active-mode=\"360\" data-subtitle=\"0\" max-mode=\"360\" data-mode=\"240|360\" type=\"application/x-mpegURL\" src=\"https://d1.vnecdn.net/giaitri/video/video/web/mp4/,240p,,/2022/04/22/thanh-thanh-hien-song-ca-voi-con-gai-1650602805/vne/master.m3u8\" webkit-playsinline=\"\" playsinline=\"true\" preload=\"auto\" id=\"media-video-352968\" lang=\"vi\" role=\"region\" aria-label=\"Video Player\" style=\"margin: 0px; padding: 0px; text-rendering: optimizelegibility; width: 670px; height: 376.875px; vertical-align: top; color: rgb(255, 255, 255); position: relative; font-size: 10px; line-height: 1; font-family: Arial, Helvetica, sans-serif; user-select: none;\"><div class=\"vjs-text-track-display\" aria-live=\"off\" aria-atomic=\"true\" style=\"margin: 0px; padding: 0px; box-sizing: inherit; text-rendering: optimizelegibility; position: absolute; inset: 0px 0px 1em; pointer-events: none; transform: translateY(-1.5em);\"></div><div class=\"vjs-loading-spinner\" dir=\"ltr\" style=\"margin: 0px; padding: 0px; box-sizing: inherit; text-rendering: optimizelegibility; position: absolute; top: 0px; left: 0px; opacity: 0.0001; width: 670px; height: 376.875px; background: url(&quot;data:image/svg+xml;base64,PD94bWwgdmVyc2lvbj0iMS4wIiBlbmNvZGluZz0idXRmLTgiPz48IURPQ1RZUEUgc3ZnIFBVQkxJQyAiLS8vVzNDLy9EVEQgU1ZHIDEuMS8vRU4iICJodHRwOi8vd3d3LnczLm9yZy9HcmFwaGljcy9TVkcvMS4xL0RURC9zdmcxMS5kdGQiPjxzdmcgdmVyc2lvbj0iMS4xIiBpZD0iTGF5ZXJfMSIgeG1sbnM9Imh0dHA6Ly93d3cudzMub3JnLzIwMDAvc3ZnIiB4bWxuczp4bGluaz0iaHR0cDovL3d3dy53My5vcmcvMTk5OS94bGluayIgeD0iMHB4IiB5PSIwcHgiIHdpZHRoPSI0OHB4IiBoZWlnaHQ9IjQ4cHgiIHZpZXdCb3g9IjAgMCA0OCA0OCIgZW5hYmxlLWJhY2tncm91bmQ9Im5ldyAwIDAgNDggNDgiIHhtbDpzcGFjZT0icHJlc2VydmUiPjxyZWN0IHg9Ii0wLjA4MyIgZmlsbD0ibm9uZSIgd2lkdGg9IjQ3Ljk5OSIgaGVpZ2h0PSI0OCIvPjxjaXJjbGUgZmlsbD0ibm9uZSIgc3Ryb2tlPSIjRkZGRkZGIiBzdHJva2Utd2lkdGg9IjQiIHN0cm9rZS1saW5lY2FwPSJyb3VuZCIgY3g9IjI0IiBjeT0iMjQiIHI9IjIwIj48YW5pbWF0ZSAgZmlsbD0icmVtb3ZlIiByZXN0YXJ0PSJhbHdheXMiIGNhbGNNb2RlPSJsaW5lYXIiIGFkZGl0aXZlPSJyZXBsYWNlIiBhY2N1bXVsYXRlPSJub25lIiB0bz0iMCIgZnJvbT0iMzYwIiByZXBlYXRDb3VudD0iaW5kZWZpbml0ZSIgZHVyPSIzcyIgYXR0cmlidXRlTmFtZT0ic3Ryb2tlLWRhc2hvZmZzZXQiPjwvYW5pbWF0ZT48YW5pbWF0ZSAgZmlsbD0icmVtb3ZlIiB2YWx1ZXM9IjEwMCAxNTA7MSAyNTAiIHJlc3RhcnQ9ImFsd2F5cyIgY2FsY01vZGU9ImxpbmVhciIgYWRkaXRpdmU9InJlcGxhY2UiIGFjY3VtdWxhdGU9Im5vbmUiIHJlcGVhdENvdW50PSJpbmRlZmluaXRlIiBkdXI9IjNzIiBhdHRyaWJ1dGVOYW1lPSJzdHJva2UtZGFzaGFycmF5Ij48L2FuaW1hdGU+PC9jaXJjbGU+PC9zdmc+&quot;) center center / auto 20% no-repeat rgba(0, 0, 0, 0.7); transition: all 0.5s ease 0s;\"><span class=\"vjs-control-text\" style=\"margin: 0px; padding: 0px; box-sizing: inherit; text-rendering: optimizelegibility; border: 0px; clip: rect(0px, 0px, 0px, 0px); height: 1px; overflow: hidden; position: absolute; width: 1px;\">Video Player is loading.</span></div><button class=\"vjs-big-play-button\" type=\"button\" title=\"\" aria-disabled=\"false\" style=\"padding: 0px; box-sizing: inherit; text-rendering: optimizelegibility; border-width: initial; border-style: none; border-color: initial; outline: 0px; background: url(&quot;data:image/svg+xml;base64,PD94bWwgdmVyc2lvbj0iMS4wIiBlbmNvZGluZz0idXRmLTgiPz4NCjwhLS0gR2VuZXJhdG9yOiBBZG9iZSBJbGx1c3RyYXRvciAxNi4wLjMsIFNWRyBFeHBvcnQgUGx1Zy1JbiAuIFNWRyBWZXJzaW9uOiA2LjAwIEJ1aWxkIDApICAtLT4NCjwhRE9DVFlQRSBzdmcgUFVCTElDICItLy9XM0MvL0RURCBTVkcgMS4xLy9FTiIgImh0dHA6Ly93d3cudzMub3JnL0dyYXBoaWNzL1NWRy8xLjEvRFREL3N2ZzExLmR0ZCI+DQo8c3ZnIHZlcnNpb249IjEuMSIgaWQ9IkxheWVyXzEiIHhtbG5zPSJodHRwOi8vd3d3LnczLm9yZy8yMDAwL3N2ZyIgeG1sbnM6eGxpbms9Imh0dHA6Ly93d3cudzMub3JnLzE5OTkveGxpbmsiIHg9IjBweCIgeT0iMHB4Ig0KCSB3aWR0aD0iNTBweCIgaGVpZ2h0PSI1MHB4IiB2aWV3Qm94PSItMSAtMSA1MCA1MCIgZW5hYmxlLWJhY2tncm91bmQ9Im5ldyAtMSAtMSA1MCA1MCIgeG1sOnNwYWNlPSJwcmVzZXJ2ZSI+DQo8cmVjdCB4PSItMSIgeT0iLTEiIGZpbGw9Im5vbmUiIHdpZHRoPSI1MCIgaGVpZ2h0PSI1MCIvPg0KPGNpcmNsZSBmaWxsPSJub25lIiBzdHJva2U9IiNGRkZGRkYiIHN0cm9rZS13aWR0aD0iNCIgc3Ryb2tlLWxpbmVjYXA9InJvdW5kIiBjeD0iMjQiIGN5PSIyNCIgcj0iMjIuNSIvPg0KPHBvbHlnb24gZmlsbD0iI0ZGRkZGRiIgcG9pbnRzPSIxOC41MzEsMTEuNTg3IDE4LjUzMSwzNi40MTMgMzcuMjgsMjQgIi8+DQo8L3N2Zz4NCg==&quot;) center center / auto 20% no-repeat rgba(0, 0, 0, 0.1); transition: all 0.5s ease 0s; appearance: none; position: absolute; top: 0px; left: 0px; opacity: 0.0001; width: 670px; height: 376.875px;\"><span aria-hidden=\"true\" class=\"vjs-icon-placeholder\" style=\"margin: 0px; padding: 0px; box-sizing: inherit; text-rendering: optimizelegibility;\"></span><span class=\"vjs-control-text\" aria-live=\"polite\" style=\"margin: 0px; padding: 0px; box-sizing: inherit; text-rendering: optimizelegibility; border: 0px; clip: rect(0px, 0px, 0px, 0px); height: 1px; overflow: hidden; position: absolute; width: 1px;\"></span></button><div class=\"vjs-control-bar\" dir=\"ltr\" style=\"margin: 0px; padding: 0px; box-sizing: inherit; text-rendering: optimizelegibility; display: flex; width: 670px; position: absolute; bottom: 0px; left: 0px; right: 0px; height: 5em; background: linear-gradient(rgba(0, 0, 0, 0), rgba(0, 0, 0, 0.8)); visibility: visible; opacity: 0; transition: visibility 1s ease 0s, opacity 1s ease 0s;\"><button class=\"vjs-play-control vjs-control vjs-button vjs-playing\" type=\"button\" title=\"Dừng\" aria-disabled=\"false\" style=\"padding: 0px; box-sizing: inherit; text-rendering: optimizelegibility; border-width: initial; border-style: none; border-color: initial; outline: 0px; background-image: initial; background-position: 0px 0px; background-size: initial; background-repeat: initial; background-attachment: initial; background-origin: initial; background-clip: initial; transition: none 0s ease 0s; appearance: none; position: relative; height: 50px; width: 5em; flex: 0 0 auto;\"><span aria-hidden=\"true\" class=\"vjs-icon-placeholder\" style=\"margin: 0px; padding: 0px; box-sizing: inherit; text-rendering: optimizelegibility; cursor: pointer; flex: 0 0 auto; font-family: VideoJS !important;\"></span><span class=\"vjs-control-text\" aria-live=\"polite\" style=\"margin: 0px; padding: 0px; box-sizing: inherit; text-rendering: optimizelegibility; border: 0px; clip: rect(0px, 0px, 0px, 0px); height: 1px; overflow: hidden; position: absolute; width: 1px;\">Dừng</span></button><div class=\"vjs-current-time vjs-time-control vjs-control\" style=\"margin: 0px; padding: 0px 0.1em; box-sizing: inherit; text-rendering: optimizelegibility; position: relative; text-align: center; height: 50px; width: auto; flex: 0 0 auto; font-size: 1.4em; line-height: 3.5em; min-width: 0.5em;\"><span class=\"vjs-control-text\" style=\"margin: 0px; padding: 0px; box-sizing: inherit; text-rendering: optimizelegibility; border: 0px; clip: rect(0px, 0px, 0px, 0px); height: 1px; overflow: hidden; position: absolute; width: 1px;\">Hiện tại&nbsp;</span><span class=\"vjs-current-time-display\" aria-live=\"off\" style=\"margin: 0px; padding: 0px; box-sizing: inherit; text-rendering: optimizelegibility;\">0:43</span></div><div class=\"vjs-time-control vjs-time-divider\" style=\"margin: 0px; padding: 0px 0.1em; box-sizing: inherit; text-rendering: optimizelegibility; line-height: 3.5em; flex: 0 0 auto; font-size: 1.4em; min-width: 0.5em; width: auto;\"><div style=\"margin: 0px; padding: 0px; box-sizing: inherit; text-rendering: optimizelegibility;\"><span style=\"margin: 0px; padding: 0px; box-sizing: inherit; text-rendering: optimizelegibility;\">/</span></div></div><div class=\"vjs-duration vjs-time-control vjs-control\" style=\"margin: 0px; padding: 0px 0.1em; box-sizing: inherit; text-rendering: optimizelegibility; position: relative; text-align: center; height: 50px; width: auto; flex: 0 0 auto; font-size: 1.4em; line-height: 3.5em; min-width: 0.5em;\"><span class=\"vjs-control-text\" style=\"margin: 0px; padding: 0px; box-sizing: inherit; text-rendering: optimizelegibility; border: 0px; clip: rect(0px, 0px, 0px, 0px); height: 1px; overflow: hidden; position: absolute; width: 1px;\">Thời lượng&nbsp;</span><span class=\"vjs-duration-display\" aria-live=\"off\" style=\"margin: 0px; padding: 0px; box-sizing: inherit; text-rendering: optimizelegibility;\">4:46</span></div><div class=\"vjs-progress-control vjs-control\" style=\"margin: 0px; padding: 0px; box-sizing: inherit; text-rendering: optimizelegibility; position: relative; text-align: center; height: 50px; width: 5em; flex: 1 1 auto; cursor: pointer; display: flex; -webkit-box-align: center; align-items: center; min-width: 4em;\"><div tabindex=\"0\" class=\"vjs-progress-holder vjs-slider vjs-slider-horizontal\" role=\"slider\" aria-valuenow=\"15.03\" aria-valuemin=\"0\" aria-valuemax=\"100\" aria-label=\"Progress Bar\" aria-valuetext=\"0:43 of 4:46\" style=\"margin: 0px 10px; padding: 0px; box-sizing: inherit; text-rendering: optimizelegibility; flex: 1 1 auto; transition: all 0.2s ease 0s; height: 0.5em; position: relative; cursor: pointer; user-select: none; background-color: rgba(255, 255, 255, 0.3);\"><div class=\"vjs-load-progress\" style=\"margin: 0px; padding: 0px; box-sizing: inherit; text-rendering: optimizelegibility; background: rgba(200, 200, 200, 0.3); overflow: hidden; position: absolute; height: 5px; width: 158.637px; left: 0px; top: 0px;\"><span class=\"vjs-control-text\" style=\"margin: 0px; padding: 0px; box-sizing: inherit; text-rendering: optimizelegibility; border: 0px; clip: rect(0px, 0px, 0px, 0px); height: 1px; overflow: hidden; position: absolute; width: 1px;\"><span style=\"margin: 0px; padding: 0px; box-sizing: inherit; text-rendering: optimizelegibility;\">Đã tải</span>: 0%</span><div style=\"margin: 0px; padding: 0px; box-sizing: inherit; text-rendering: optimizelegibility; background-image: initial; background-position: initial; background-size: initial; background-repeat: initial; background-attachment: initial; background-origin: initial; background-clip: initial; position: absolute; height: 5px; width: 158.525px; left: 0.1px; top: 0px;\"></div></div><div class=\"vjs-play-progress vjs-slider-bar\" style=\"margin: 0px; padding: 0px; box-sizing: inherit; text-rendering: optimizelegibility; background-color: rgb(159, 34, 78); position: absolute; height: 5px; width: 65.0625px; left: 0px; top: 0px; font-family: VideoJS !important;\"><div class=\"vjs-time-tooltip\" style=\"margin: 0px; padding: 6px 8px 8px; box-sizing: inherit; text-rendering: optimizelegibility; font-family: Arial, Helvetica, sans-serif; background-color: rgba(255, 255, 255, 0.8); border-radius: 0.3em; color: rgb(0, 0, 0); float: right; font-size: 1em; pointer-events: none; position: relative; top: -3.4em; visibility: hidden; z-index: 1; right: -17.7375px;\"></div><span class=\"vjs-control-text\" style=\"margin: 0px; padding: 0px; box-sizing: inherit; text-rendering: optimizelegibility; border: 0px; clip: rect(0px, 0px, 0px, 0px); height: 1px; overflow: hidden; position: absolute; width: 1px;\"><span style=\"margin: 0px; padding: 0px; box-sizing: inherit; text-rendering: optimizelegibility;\">Tiến trình</span>: 0%</span></div></div></div><div class=\"vjs-volume-panel vjs-control vjs-volume-panel-vertical\" style=\"margin: 0px; padding: 0px; box-sizing: inherit; text-rendering: optimizelegibility; position: relative; text-align: center; height: 50px; width: 5em; flex: 0 0 auto; transition: width 1s ease 0s; display: flex;\"><button class=\"vjs-mute-control vjs-control vjs-button vjs-vol-0\" type=\"button\" title=\"Bỏ tắt tiếng\" aria-disabled=\"false\" style=\"padding: 0px 2em 3em; box-sizing: inherit; text-rendering: optimizelegibility; border-width: initial; border-style: none; border-color: initial; outline: 0px; background-image: initial; background-position: 0px 0px; background-size: initial; background-repeat: initial; background-attachment: initial; background-origin: initial; background-clip: initial; transition: none 0s ease 0s; appearance: none; width: 5em; height: 50px; position: relative; flex: 0 0 auto;\"><span aria-hidden=\"true\" class=\"vjs-icon-placeholder\" style=\"margin: 0px; padding: 0px; box-sizing: inherit; text-rendering: optimizelegibility; font-family: VideoJS !important;\"></span><span class=\"vjs-control-text\" aria-live=\"polite\" style=\"margin: 0px; padding: 0px; box-sizing: inherit; text-rendering: optimizelegibility; border: 0px; clip: rect(0px, 0px, 0px, 0px); height: 1px; overflow: hidden; position: absolute; width: 1px;\">Bỏ tắt tiếng</span></button><div class=\"vjs-volume-control vjs-control vjs-volume-vertical\" style=\"margin: 0px 1em 0px -1px; padding: 0px; box-sizing: inherit; text-rendering: optimizelegibility; position: relative; height: 8em; width: 3em; flex: 0 0 auto; cursor: pointer; display: flex; bottom: 8em; background-color: rgba(43, 51, 63, 0.7); visibility: visible; opacity: 0; left: -3.5em; transition: visibility 1s ease 0s, opacity 1s ease 0s, height 1s ease 1s, width 1s ease 1s, left 1s ease 1s, top 1s ease 1s;\"><div tabindex=\"0\" class=\"vjs-volume-bar vjs-slider-bar vjs-slider vjs-slider-vertical\" role=\"slider\" aria-valuenow=\"0\" aria-valuemin=\"0\" aria-valuemax=\"100\" aria-label=\"Volume Level\" aria-live=\"polite\" aria-valuetext=\"0%\" style=\"margin: 1.35em auto; padding: 0px; box-sizing: inherit; text-rendering: optimizelegibility; position: relative; cursor: pointer; user-select: none; background-color: rgba(255, 255, 255, 0.3); width: 0.5em; height: 5em;\"><div class=\"vjs-volume-level\" style=\"margin: 0px; padding: 0px; box-sizing: inherit; text-rendering: optimizelegibility; position: absolute; bottom: 0px; left: 0px; background-color: rgb(159, 34, 78); width: 0.5em; height: 0px; font-family: VideoJS !important;\"><span class=\"vjs-control-text\" style=\"margin: 0px; padding: 0px; box-sizing: inherit; text-rendering: optimizelegibility; border: 0px; clip: rect(0px, 0px, 0px, 0px); height: 1px; overflow: hidden; position: absolute; width: 1px;\"></span></div></div></div></div><button class=\"vjs-fullscreen-control vjs-control vjs-button\" type=\"button\" title=\"Toàn màn hình\" aria-disabled=\"false\" style=\"padding: 0px; box-sizing: inherit; text-rendering: optimizelegibility; border-width: initial; border-style: none; border-color: initial; outline: 0px; background-image: initial; background-position: 0px 0px; background-size: initial; background-repeat: initial; background-attachment: initial; background-origin: initial; background-clip: initial; transition: none 0s ease 0s; appearance: none; position: relative; height: 50px; width: 5em; flex: 0 0 auto;\"><span aria-hidden=\"true\" class=\"vjs-icon-placeholder\" style=\"margin: 0px; padding: 0px; box-sizing: inherit; text-rendering: optimizelegibility; font-family: VideoJS !important;\"></span><span class=\"vjs-control-text\" aria-live=\"polite\" style=\"margin: 0px; padding: 0px; box-sizing: inherit; text-rendering: optimizelegibility; border: 0px; clip: rect(0px, 0px, 0px, 0px); height: 1px; overflow: hidden; position: absolute; width: 1px;\">Toàn màn hình</span></button></div><div class=\"fp-sound-status-container\" id=\"352968_soundTopRight\" style=\"margin: 0px; padding: 0px; box-sizing: inherit; text-rendering: optimizelegibility; opacity: 0; position: absolute; top: 15px; right: 15px; min-width: 108px; width: auto; height: 32px; border-radius: 16px; background-color: rgba(0, 0, 0, 0.8); text-align: center; font-size: 12px; line-height: 32px; transition: opacity 2s ease 0s;\"></div><div class=\"share-hover\" style=\"margin: 0px; padding: 10px 15px; box-sizing: inherit; text-rendering: optimizelegibility; display: flex; -webkit-box-pack: end; justify-content: flex-end; width: 670px; height: 55px; position: absolute; top: 0px; left: 0px;\"><a class=\"share-item\" style=\"margin: 0px 0px 0px 10px; padding: 5px; box-sizing: inherit; text-rendering: optimizelegibility; position: relative; text-underline-position: under; display: block; z-index: 1; height: 26px; color: rgb(255, 255, 255) !important; border-bottom-width: 0px !important;\"><svg class=\"ic ic-face\"><use xlink:href=\"#Facebook\"></use></svg></a><a class=\"share-item\" style=\"margin: 0px 0px 0px 10px; padding: 5px; box-sizing: inherit; text-rendering: optimizelegibility; position: relative; text-underline-position: under; display: block; z-index: 1; height: 26px; color: rgb(255, 255, 255) !important; border-bottom-width: 0px !important;\"><svg class=\"ic ic-twit\"><use xlink:href=\"#Twitter\"></use></svg></a><a class=\"share-item\" style=\"margin: 0px 0px 0px 10px; padding: 5px; box-sizing: inherit; text-rendering: optimizelegibility; position: relative; text-underline-position: under; display: block; z-index: 1; height: 26px; color: rgb(255, 255, 255) !important; border-bottom-width: 0px !important;\"><svg class=\"ic ic-link\"><use xlink:href=\"#Link\"></use></svg></a></div></div></div></div></div></div></div></div><figcaption class=\"desc_cation\" style=\"margin: 0px; padding: 0px; text-rendering: optimizelegibility;\"><div class=\"inner_caption\" style=\"margin: 0px; padding: 0px; text-rendering: optimizelegibility;\"><p class=\"Image\" style=\"margin-right: 0px; margin-bottom: 0px; margin-left: 0px; padding: 10px 0px 0px; text-rendering: optimizespeed; font-variant-numeric: normal; font-variant-east-asian: normal; font-stretch: normal; font-size: 14px; line-height: 22.4px; text-align: left;\">Thanh Thanh Hiền song ca với con gái Thái Phương bài \"Tuổi mộng mơ\" (Phạm Duy) hồi tháng 7 năm ngoái. Video:&nbsp;<em style=\"margin: 0px; padding: 0px; text-rendering: optimizelegibility;\">Youtube Miền biên ải</em></p></div></figcaption></figure></div><p class=\"Normal\" style=\"margin-right: 0px; margin-bottom: 1em; margin-left: 0px; padding: 0px; text-rendering: optimizespeed; line-height: 28.8px; color: rgb(34, 34, 34); font-family: arial; font-size: 18px; background-color: rgb(252, 250, 246);\"><em style=\"margin: 0px; padding: 0px; text-rendering: optimizelegibility;\">- Chị nghĩ thế nào về việc tìm kiếm tình yêu mới?</em></p><p class=\"Normal\" style=\"margin-right: 0px; margin-bottom: 1em; margin-left: 0px; padding: 0px; text-rendering: optimizespeed; line-height: 28.8px; color: rgb(34, 34, 34); font-family: arial; font-size: 18px; background-color: rgb(252, 250, 246);\">- Mấy chục năm qua, cho đến trước thời điểm đổ vỡ với chồng cũ, tôi luôn yêu và không ngừng yêu. Nhiều bạn bè trong giới trêu, miêu tả kiểu yêu của tôi là: \"đâm đầu vào tường, lao đầu xuống đất\". Sau biến cố, tôi vẫn đang để trái tim mình nghỉ ngơi. Các con tôi rất thương và hiểu mẹ, không bao giờ ngăn cấm mẹ đi bước nữa hay có bạn trai. Thế nhưng thời điểm này, tôi không muốn yêu đương. Tôi kể với con mọi chuyện, cả việc có ai đang theo đuổi, tán tỉnh mình. Thái Phương cũng có mật khẩu điện thoại của tôi, đọc được tin nhắn, biết hết các mối quan hệ của mẹ. Chúng tôi đùa rằng: \"Đây là lúc mẹ phải dùng biện pháp để chặn đứng tất cả mũi tấn công\". Tôi muốn giữ tâm hồn thư thái cho đến lúc gặp được người thực sự khiến mình rung động.</p><figure data-size=\"true\" itemprop=\"associatedMedia image\" itemscope=\"\" itemtype=\"http://schema.org/ImageObject\" class=\"tplCaption action_thumb_added\" style=\"margin-right: auto; margin-bottom: 15px; margin-left: auto; padding: 0px; text-rendering: optimizelegibility; max-width: 100%; clear: both; position: relative; text-align: center; width: 670px; float: left; color: rgb(34, 34, 34); font-family: arial; font-size: 18px; background-color: rgb(252, 250, 246);\"><div class=\"fig-picture\" style=\"margin: 0px; padding: 0px 0px 700px; text-rendering: optimizelegibility; width: 670px; float: left; display: table; justify-content: center; background: rgb(240, 238, 234); position: relative;\"><picture style=\"margin: 0px; padding: 0px; text-rendering: optimizelegibility;\"><source data-srcset=\"https://i1-giaitri.vnecdn.net/2022/04/22/thanh-thanh-hien-jpeg-16506029-9612-5293-1650603172.jpg?w=680&amp;h=0&amp;q=100&amp;dpr=1&amp;fit=crop&amp;s=B_ud7WXYSbzpJP-4kl2Xuw 1x, https://i1-giaitri.vnecdn.net/2022/04/22/thanh-thanh-hien-jpeg-16506029-9612-5293-1650603172.jpg?w=1020&amp;h=0&amp;q=100&amp;dpr=1&amp;fit=crop&amp;s=-aqm5EHBoAbuLy2N0f94nQ 1.5x, https://i1-giaitri.vnecdn.net/2022/04/22/thanh-thanh-hien-jpeg-16506029-9612-5293-1650603172.jpg?w=680&amp;h=0&amp;q=100&amp;dpr=2&amp;fit=crop&amp;s=nKYN4HVwtGUxC95Od9X9ww 2x\" srcset=\"https://i1-giaitri.vnecdn.net/2022/04/22/thanh-thanh-hien-jpeg-16506029-9612-5293-1650603172.jpg?w=680&amp;h=0&amp;q=100&amp;dpr=1&amp;fit=crop&amp;s=B_ud7WXYSbzpJP-4kl2Xuw 1x, https://i1-giaitri.vnecdn.net/2022/04/22/thanh-thanh-hien-jpeg-16506029-9612-5293-1650603172.jpg?w=1020&amp;h=0&amp;q=100&amp;dpr=1&amp;fit=crop&amp;s=-aqm5EHBoAbuLy2N0f94nQ 1.5x, https://i1-giaitri.vnecdn.net/2022/04/22/thanh-thanh-hien-jpeg-16506029-9612-5293-1650603172.jpg?w=680&amp;h=0&amp;q=100&amp;dpr=2&amp;fit=crop&amp;s=nKYN4HVwtGUxC95Od9X9ww 2x\" style=\"margin: 0px; padding: 0px; text-rendering: optimizelegibility;\"><img itemprop=\"contentUrl\" loading=\"lazy\" intrinsicsize=\"680x0\" alt=\"Thanh Thanh Hiền ở tuổi 53. Ảnh: Tienduy Luong\" class=\"lazy lazied\" src=\"https://i1-giaitri.vnecdn.net/2022/04/22/thanh-thanh-hien-jpeg-16506029-9612-5293-1650603172.jpg?w=680&amp;h=0&amp;q=100&amp;dpr=1&amp;fit=crop&amp;s=B_ud7WXYSbzpJP-4kl2Xuw\" data-src=\"https://i1-giaitri.vnecdn.net/2022/04/22/thanh-thanh-hien-jpeg-16506029-9612-5293-1650603172.jpg?w=680&amp;h=0&amp;q=100&amp;dpr=1&amp;fit=crop&amp;s=B_ud7WXYSbzpJP-4kl2Xuw\" data-ll-status=\"loaded\" style=\"margin: 0px; padding: 0px; text-rendering: optimizelegibility; border: 0px; font-size: 0px; line-height: 0; max-width: 100%; position: absolute; top: 0px; left: 31.5px; max-height: 700px; width: 607px;\"></picture></div><figcaption itemprop=\"description\" style=\"margin: 0px; padding: 0px; text-rendering: optimizelegibility; width: 670px; float: left; text-align: left;\"><p class=\"Image\" style=\"margin-right: 0px; margin-bottom: 0px; margin-left: 0px; padding: 10px 0px 0px; text-rendering: optimizespeed; font-variant-numeric: normal; font-variant-east-asian: normal; font-stretch: normal; font-size: 14px; line-height: 22.4px;\">Thanh Thanh Hiền ở tuổi 53. Ảnh:&nbsp;<em style=\"margin: 0px; padding: 0px; text-rendering: optimizelegibility;\">Tienduy Luong</em></p></figcaption></figure><p class=\"Normal\" style=\"margin-right: 0px; margin-bottom: 1em; margin-left: 0px; padding: 0px; text-rendering: optimizespeed; line-height: 28.8px; color: rgb(34, 34, 34); font-family: arial; font-size: 18px; background-color: rgb(252, 250, 246);\"><em style=\"margin: 0px; padding: 0px; text-rendering: optimizelegibility;\">- Chị nói với các con thế nào về tình yêu?</em></p><p class=\"Normal\" style=\"margin-right: 0px; margin-bottom: 1em; margin-left: 0px; padding: 0px; text-rendering: optimizespeed; line-height: 28.8px; color: rgb(34, 34, 34); font-family: arial; font-size: 18px; background-color: rgb(252, 250, 246);\">- Ba mẹ con tôi là những người bạn thân, luôn chia sẻ mọi niềm vui, nỗi buồn. Với chuyện tình yêu của các con, tôi không cấm cản, dò xét, thể hiện sự tin tưởng vào mọi quyết định của hai cháu.</p><p class=\"Normal\" style=\"margin-right: 0px; margin-bottom: 1em; margin-left: 0px; padding: 0px; text-rendering: optimizespeed; line-height: 28.8px; color: rgb(34, 34, 34); font-family: arial; font-size: 18px; background-color: rgb(252, 250, 246);\">Tôi nói: \"Có những tấm gương tốt và không tốt. Các con hãy nhìn vào hai lần đổ vỡ của mẹ để rút ra bài học cho mình\". Tôi là người sống theo cảm xúc, thường để trái tim lấn át lý trí. Tú Linh - con gái lớn của tôi lại khác. Cháu đi du học sớm, tiếp xúc với phong cách làm việc của người Mỹ, nên rất nề nếp, khoa học, lý trí. Điều tôi trân trọng nhất ở con là sau 5 năm ra nước ngoài, con vẫn giữ vẻ nền nã của một cô gái Hà Nội. Con để tóc đen dài, ăn mặc giản dị, không bị cuốn theo phong cách phóng khoáng ở Mỹ. Thái Phương lại là phiên bản của tôi thời trẻ. Con ăn mặc chững chạc hơn bạn bè đồng trang lứa, thích dòng nhạc dân gian, trữ tình. Tôi luôn nói: \"Các con hãy chia sẻ với mẹ, mẹ sẽ ở bên con, nhưng điều quan trọng là phải nói thật\". Khi nghe sự thật rồi, dù có thế nào, tôi không bao giờ phán xét mà đặt mình vào vị trí của con để hiểu.</p><figure data-size=\"true\" itemprop=\"associatedMedia image\" itemscope=\"\" itemtype=\"http://schema.org/ImageObject\" class=\"tplCaption action_thumb_added\" style=\"margin-right: auto; margin-bottom: 15px; margin-left: auto; padding: 0px; text-rendering: optimizelegibility; max-width: 100%; clear: both; position: relative; text-align: center; width: 670px; float: left; color: rgb(34, 34, 34); font-family: arial; font-size: 18px; background-color: rgb(252, 250, 246);\"><div class=\"fig-picture\" style=\"margin: 0px; padding: 0px 0px 700px; text-rendering: optimizelegibility; width: 670px; float: left; display: table; justify-content: center; background: rgb(240, 238, 234); position: relative;\"><picture style=\"margin: 0px; padding: 0px; text-rendering: optimizelegibility;\"><source data-srcset=\"https://i1-giaitri.vnecdn.net/2022/04/22/thanh-thanh-hien-1-jpeg-165060-2842-7981-1650603172.jpg?w=680&amp;h=0&amp;q=100&amp;dpr=1&amp;fit=crop&amp;s=h6uZ4aLMZFi6qOHbrNmnQQ 1x, https://i1-giaitri.vnecdn.net/2022/04/22/thanh-thanh-hien-1-jpeg-165060-2842-7981-1650603172.jpg?w=1020&amp;h=0&amp;q=100&amp;dpr=1&amp;fit=crop&amp;s=yQN2BAr5AYmwcMmuJepy9Q 1.5x, https://i1-giaitri.vnecdn.net/2022/04/22/thanh-thanh-hien-1-jpeg-165060-2842-7981-1650603172.jpg?w=680&amp;h=0&amp;q=100&amp;dpr=2&amp;fit=crop&amp;s=Q40p4VXxHNCAAg4mbgd7Ng 2x\" srcset=\"https://i1-giaitri.vnecdn.net/2022/04/22/thanh-thanh-hien-1-jpeg-165060-2842-7981-1650603172.jpg?w=680&amp;h=0&amp;q=100&amp;dpr=1&amp;fit=crop&amp;s=h6uZ4aLMZFi6qOHbrNmnQQ 1x, https://i1-giaitri.vnecdn.net/2022/04/22/thanh-thanh-hien-1-jpeg-165060-2842-7981-1650603172.jpg?w=1020&amp;h=0&amp;q=100&amp;dpr=1&amp;fit=crop&amp;s=yQN2BAr5AYmwcMmuJepy9Q 1.5x, https://i1-giaitri.vnecdn.net/2022/04/22/thanh-thanh-hien-1-jpeg-165060-2842-7981-1650603172.jpg?w=680&amp;h=0&amp;q=100&amp;dpr=2&amp;fit=crop&amp;s=Q40p4VXxHNCAAg4mbgd7Ng 2x\" style=\"margin: 0px; padding: 0px; text-rendering: optimizelegibility;\"><img itemprop=\"contentUrl\" loading=\"lazy\" intrinsicsize=\"680x0\" alt=\"Thanh Thanh Hiền bên con gái út - Thái Phương. Ảnh: Facebook Thanh Thanh Hien\" class=\"lazy lazied\" src=\"https://i1-giaitri.vnecdn.net/2022/04/22/thanh-thanh-hien-1-jpeg-165060-2842-7981-1650603172.jpg?w=680&amp;h=0&amp;q=100&amp;dpr=1&amp;fit=crop&amp;s=h6uZ4aLMZFi6qOHbrNmnQQ\" data-src=\"https://i1-giaitri.vnecdn.net/2022/04/22/thanh-thanh-hien-1-jpeg-165060-2842-7981-1650603172.jpg?w=680&amp;h=0&amp;q=100&amp;dpr=1&amp;fit=crop&amp;s=h6uZ4aLMZFi6qOHbrNmnQQ\" data-ll-status=\"loaded\" style=\"margin: 0px; padding: 0px; text-rendering: optimizelegibility; border: 0px; font-size: 0px; line-height: 0; max-width: 100%; position: absolute; top: 0px; left: 72px; max-height: 700px; width: 526px;\"></picture></div><figcaption itemprop=\"description\" style=\"margin: 0px; padding: 0px; text-rendering: optimizelegibility; width: 670px; float: left; text-align: left;\"><p class=\"Image\" style=\"margin-right: 0px; margin-bottom: 0px; margin-left: 0px; padding: 10px 0px 0px; text-rendering: optimizespeed; font-variant-numeric: normal; font-variant-east-asian: normal; font-stretch: normal; font-size: 14px; line-height: 22.4px;\">Thanh Thanh Hiền bên con gái út - Thái Phương. Ảnh:&nbsp;<em style=\"margin: 0px; padding: 0px; text-rendering: optimizelegibility;\">Facebook Thanh Thanh Hien</em></p></figcaption></figure><p class=\"Normal\" style=\"margin-right: 0px; margin-bottom: 1em; margin-left: 0px; padding: 0px; text-rendering: optimizespeed; line-height: 28.8px; color: rgb(34, 34, 34); font-family: arial; font-size: 18px; background-color: rgb(252, 250, 246);\"><em style=\"margin: 0px; padding: 0px; text-rendering: optimizelegibility;\">- Chị gặp khó khăn gì khi làm mẹ đơn thân?</em></p><p class=\"Normal\" style=\"margin-right: 0px; margin-bottom: 1em; margin-left: 0px; padding: 0px; text-rendering: optimizespeed; line-height: 28.8px; color: rgb(34, 34, 34); font-family: arial; font-size: 18px; background-color: rgb(252, 250, 246);\">- Tôi độc lập, tự chủ trong thời gian dài nên không quá khó khăn. Tuy nhiên, tôi cũng có áp lực kinh tế, nhất là trong thời gian hai năm dịch bệnh. Mỗi năm, Tú Linh du học Mỹ, chi phí học tập, sinh hoạt của con khoảng 32.000 USD. Nếu con học lên bậc thạc sĩ, tôi phải lo 35.000 USD. Thời dịch, con không thể đến trường, cũng không đi làm thêm đỡ đần mẹ. Tôi vẫn khiến con tin tưởng mẹ đủ khả năng để con ngồi yên một chỗ, lo cho sức khỏe bản thân. Con gái út là sinh viên Học viện Âm nhạc Quốc gia, đã đi hát và kiếm được tiền, nhưng tôi để con giữ làm vốn riêng. Các con hay đùa với tôi: \"Mẹ là ngân hàng uy tín nhất\". Bù lại, hai con đều ngoan, học giỏi, khiến tôi yên lòng. Tôi may mắn được khán giả yêu quý nên duy trì mức cát-xê khá cao, ổn định.</p><p class=\"Normal\" style=\"margin-right: 0px; margin-bottom: 1em; margin-left: 0px; padding: 0px; text-rendering: optimizespeed; line-height: 28.8px; color: rgb(34, 34, 34); font-family: arial; font-size: 18px; background-color: rgb(252, 250, 246);\"><em style=\"margin: 0px; padding: 0px; text-rendering: optimizelegibility;\">- Chị có dự định gì trong thời gian tới?</em></p><p class=\"Normal\" style=\"margin-right: 0px; margin-bottom: 1em; margin-left: 0px; padding: 0px; text-rendering: optimizespeed; line-height: 28.8px; color: rgb(34, 34, 34); font-family: arial; font-size: 18px; background-color: rgb(252, 250, 246);\">- Tôi muốn tham gia tổ chức, chấm giải nhiều cuộc thi liên quan âm nhạc dân gian, trữ tình, tìm ra các nhân tố tốt để bồi đắp. Con gái tôi cũng theo nghệ thuật, nhưng tôi hiện để con phát triển tự do, chưa can thiệp điều gì. Tôi chỉ khuyên con hãy luôn giữ mái tóc đen, mặc áo dài khi lên sân khấu. Đó là một hình ảnh đẹp. Nhiều người so sánh con với tôi. Tất nhiên, Thái Phương ảnh hưởng từ mẹ, nhưng con còn có điểm giỏi hơn, đó là biết chơi nhiều nhạc cụ dân tộc.</p>', 1, 1, 1, '2022-04-22 06:39:16', '2022-04-22 09:53:01', '/storage/post/1/EzIKJ8dHg7wlaUPAPQqs.jpg', 'thanh-thanh-hien-toi-khong-mang-yeu-duong'),
(68, 'Mỹ dọa trừng phạt Trung Quốc nếu giúp Nga', 'my.jpg', 13, '<span style=\"color: rgb(34, 34, 34); font-family: arial; font-size: 18px; background-color: rgb(252, 250, 246);\">Thứ trưởng Ngoại giao Mỹ Sherman cảnh báo áp trừng phạt và kiểm soát xuất khẩu với Trung Quốc nếu nước này hỗ trợ vật chất cho chiến dịch quân sự của Nga.</span>', '<p class=\"Normal\" style=\"margin-right: 0px; margin-bottom: 1em; margin-left: 0px; padding: 0px; text-rendering: optimizespeed; line-height: 28.8px; color: rgb(34, 34, 34); font-family: arial; font-size: 18px; background-color: rgb(252, 250, 246);\">\"Họ (Trung Quốc) đã thấy những biện pháp trừng phạt, kiểm soát xuất khẩu mà chúng tôi áp đặt với Nga. Vì vậy, họ biết chúng tôi có thể làm gì nếu Trung Quốc hỗ trợ vật chất cho Nga\", Thứ trưởng Ngoại giao&nbsp;<a href=\"https://vnexpress.net/chu-de/my-712\" rel=\"dofollow\" style=\"margin: 0px; padding: 0px 0px 1px; text-rendering: optimizelegibility; color: rgb(7, 109, 182); position: relative; text-underline-position: under; border-bottom-width: 1px; border-bottom-style: solid;\">Mỹ</a>&nbsp;Wendy Sherman phát biểu trong sự kiện ở Brussels hôm 21/4.</p><p class=\"Normal\" style=\"margin-right: 0px; margin-bottom: 1em; margin-left: 0px; padding: 0px; text-rendering: optimizespeed; line-height: 28.8px; color: rgb(34, 34, 34); font-family: arial; font-size: 18px; background-color: rgb(252, 250, 246);\">Sherman cáo buộc Trung Quốc \"khuếch đại chiến dịch thông tin sai lệch của Nga\" và nói rằng bà hy vọng Bắc Kinh sẽ học được \"những bài học đúng đắn\" từ chiến sự Ukraine, bao gồm việc họ không thể chia rẽ Mỹ và các đồng minh.</p><p class=\"Normal\" style=\"margin-right: 0px; margin-bottom: 1em; margin-left: 0px; padding: 0px; text-rendering: optimizespeed; line-height: 28.8px; color: rgb(34, 34, 34); font-family: arial; font-size: 18px; background-color: rgb(252, 250, 246);\">Thứ trưởng Mỹ thể hiện rằng Washington đang cố gắng tránh để căng thẳng giữa các siêu cường leo thang ngoài tầm kiểm soát. \"Chúng tôi không muốn bắt đầu thêm một cuộc Chiến tranh Lạnh, chúng tôi không muốn xung đột, chúng tôi không muốn tính toán sai lầm. Chúng tôi muốn có các kênh liên lạc\", Sherman nói.</p><figure data-size=\"true\" itemprop=\"associatedMedia image\" itemscope=\"\" itemtype=\"http://schema.org/ImageObject\" class=\"tplCaption action_thumb_added\" style=\"margin-right: auto; margin-bottom: 15px; margin-left: auto; padding: 0px; text-rendering: optimizelegibility; max-width: 100%; clear: both; position: relative; text-align: center; width: 670px; float: left; color: rgb(34, 34, 34); font-family: arial; font-size: 18px; background-color: rgb(252, 250, 246);\"><div class=\"fig-picture\" style=\"margin: 0px; padding: 0px 0px 402px; text-rendering: optimizelegibility; width: 670px; float: left; display: table; justify-content: center; background: rgb(240, 238, 234); position: relative;\"><picture style=\"margin: 0px; padding: 0px; text-rendering: optimizelegibility;\"><source data-srcset=\"https://i1-vnexpress.vnecdn.net/2022/04/22/C4PPIMRBXNLMLOBBEL2YTSZ6BA-4927-1650602500.jpg?w=680&amp;h=0&amp;q=100&amp;dpr=1&amp;fit=crop&amp;s=a-SnbbaY5qsF4AT5btslHg 1x, https://i1-vnexpress.vnecdn.net/2022/04/22/C4PPIMRBXNLMLOBBEL2YTSZ6BA-4927-1650602500.jpg?w=1020&amp;h=0&amp;q=100&amp;dpr=1&amp;fit=crop&amp;s=cQQOOud167ugWGHLRidLTw 1.5x, https://i1-vnexpress.vnecdn.net/2022/04/22/C4PPIMRBXNLMLOBBEL2YTSZ6BA-4927-1650602500.jpg?w=680&amp;h=0&amp;q=100&amp;dpr=2&amp;fit=crop&amp;s=eHH399MEWqEJtkKawIRgiA 2x\" srcset=\"https://i1-vnexpress.vnecdn.net/2022/04/22/C4PPIMRBXNLMLOBBEL2YTSZ6BA-4927-1650602500.jpg?w=680&amp;h=0&amp;q=100&amp;dpr=1&amp;fit=crop&amp;s=a-SnbbaY5qsF4AT5btslHg 1x, https://i1-vnexpress.vnecdn.net/2022/04/22/C4PPIMRBXNLMLOBBEL2YTSZ6BA-4927-1650602500.jpg?w=1020&amp;h=0&amp;q=100&amp;dpr=1&amp;fit=crop&amp;s=cQQOOud167ugWGHLRidLTw 1.5x, https://i1-vnexpress.vnecdn.net/2022/04/22/C4PPIMRBXNLMLOBBEL2YTSZ6BA-4927-1650602500.jpg?w=680&amp;h=0&amp;q=100&amp;dpr=2&amp;fit=crop&amp;s=eHH399MEWqEJtkKawIRgiA 2x\" style=\"margin: 0px; padding: 0px; text-rendering: optimizelegibility;\"><img itemprop=\"contentUrl\" loading=\"lazy\" intrinsicsize=\"680x0\" alt=\"Thứ trưởng Ngoại giao Mỹ Wendy Sherman tại thủ đô Washington hồi tháng 8/2021. Ảnh: Reuters.\" class=\"lazy lazied\" src=\"https://i1-vnexpress.vnecdn.net/2022/04/22/C4PPIMRBXNLMLOBBEL2YTSZ6BA-4927-1650602500.jpg?w=680&amp;h=0&amp;q=100&amp;dpr=1&amp;fit=crop&amp;s=a-SnbbaY5qsF4AT5btslHg\" data-src=\"https://i1-vnexpress.vnecdn.net/2022/04/22/C4PPIMRBXNLMLOBBEL2YTSZ6BA-4927-1650602500.jpg?w=680&amp;h=0&amp;q=100&amp;dpr=1&amp;fit=crop&amp;s=a-SnbbaY5qsF4AT5btslHg\" data-ll-status=\"loaded\" style=\"margin: 0px; padding: 0px; text-rendering: optimizelegibility; border: 0px; font-size: 0px; line-height: 0; max-width: 100%; position: absolute; top: 0px; left: 0px; max-height: 700px; width: 670px;\"></picture></div><figcaption itemprop=\"description\" style=\"margin: 0px; padding: 0px; text-rendering: optimizelegibility; width: 670px; float: left; text-align: left;\"><p class=\"Image\" style=\"margin-right: 0px; margin-bottom: 0px; margin-left: 0px; padding: 10px 0px 0px; text-rendering: optimizespeed; font-variant-numeric: normal; font-variant-east-asian: normal; font-stretch: normal; font-size: 14px; line-height: 22.4px;\">Thứ trưởng Ngoại giao Mỹ Wendy Sherman tại thủ đô Washington hồi tháng 8/2021. Ảnh:&nbsp;<em style=\"margin: 0px; padding: 0px; text-rendering: optimizelegibility;\">Reuters.</em></p></figcaption></figure><p class=\"Normal\" style=\"margin-right: 0px; margin-bottom: 1em; margin-left: 0px; padding: 0px; text-rendering: optimizespeed; line-height: 28.8px; color: rgb(34, 34, 34); font-family: arial; font-size: 18px; background-color: rgb(252, 250, 246);\">Tuyên bố của Thứ trưởng Ngoại giao Mỹ là lời cảnh báo mới nhất từ giới chức nước này về khả năng áp trừng phạt với Trung Quốc nếu hỗ trợ Nga. Bộ trưởng Tài chính Mỹ Janet Yellen, Giám đốc CIA Nicholas Burns trước đó đều cảnh báo Trung Quốc sẽ đối mặt hậu quả nếu giúp đỡ Nga.</p><p class=\"Normal\" style=\"margin-right: 0px; margin-bottom: 1em; margin-left: 0px; padding: 0px; text-rendering: optimizespeed; line-height: 28.8px; color: rgb(34, 34, 34); font-family: arial; font-size: 18px; background-color: rgb(252, 250, 246);\">Phương Tây nhiều lần thúc giục Trung Quốc lên án chiến dịch quân sự của Nga tại Ukraine. Bắc Kinh khẳng định tôn trọng chủ quyền của Ukraine, nhưng từ chối lên án Nga, đồng thời kêu gọi giải quyết vấn đề qua đàm phán. Ngoại trưởng Trung Quốc Vương Nghị còn khẳng định mối quan hệ với Nga \"vững như bàn thạch\" và \"sẽ không bị ảnh hưởng bởi bất kỳ bên thứ ba nào\".</p><p class=\"Normal\" style=\"margin-right: 0px; margin-bottom: 1em; margin-left: 0px; padding: 0px; text-rendering: optimizespeed; line-height: 28.8px; color: rgb(34, 34, 34); font-family: arial; font-size: 18px; background-color: rgb(252, 250, 246);\">Phát ngôn viên Bộ Ngoại giao Trung Quốc Uông Văn Bân hôm 21/4 cáo buộc Mỹ phát tán thông tin sai lệch nhằm bôi nhọ Trung Quốc. Ông khẳng định các thông tin rằng Trung Quốc \"ngầm hỗ trợ\" hoạt động quân sự của Nga ở Ukraine hay \"Nga yêu cầu thiết bị quân sự từ Trung Quốc\" đều không đúng sự thật. Ông Uông nói thêm trong khi các nước châu Âu đang phải trả giá đắt vì cuộc xung đột, các nhà buôn vũ khí Mỹ và các công ty dầu khí nước này lại đang kiếm được lợi nhuận lớn.</p><p class=\"Normal\" style=\"margin-right: 0px; margin-bottom: 1em; margin-left: 0px; padding: 0px; text-rendering: optimizespeed; line-height: 28.8px; color: rgb(34, 34, 34); font-family: arial; font-size: 18px; background-color: rgb(252, 250, 246);\">Trung Quốc là thị trường xuất khẩu hàng đầu của Nga sau Liên minh châu Âu. Xuất khẩu của Nga sang Trung Quốc trị giá 79,3 tỷ USD vào năm 2021, trong đó dầu và khí đốt chiếm 56%, theo cơ quan hải quan Trung Quốc.</p>', 1, 1, 1, '2022-04-22 09:58:17', '2022-04-22 09:59:35', '/storage/post/1/sK7vkB1RItdVVIwOpkmR.jpg', 'my-doa-trung-phat-trung-quoc-neu-giup-nga'),
(69, 'ok nhe hehehe-nạkdfn', '1.jpg', 21, 'sdấd', 'đâsd', 1, 0, 0, '2022-04-24 09:13:52', '2022-04-24 09:13:52', '/storage/post/1/hUFgddXMuHNenUvsPeST.jpg', 'ok-nhe-hehehe-nakdfn');

-- --------------------------------------------------------

--
-- Cấu trúc bảng cho bảng `roles`
--

CREATE TABLE `roles` (
  `id` bigint(20) UNSIGNED NOT NULL,
  `name` varchar(255) COLLATE utf8mb4_unicode_ci NOT NULL,
  `created_at` timestamp NULL DEFAULT NULL,
  `updated_at` timestamp NULL DEFAULT NULL
) ENGINE=InnoDB DEFAULT CHARSET=utf8mb4 COLLATE=utf8mb4_unicode_ci;

--
-- Đang đổ dữ liệu cho bảng `roles`
--

INSERT INTO `roles` (`id`, `name`, `created_at`, `updated_at`) VALUES
(1, 'Admin', NULL, NULL),
(2, 'Author', NULL, NULL),
(6, 'guest', '2022-04-07 10:07:35', '2022-04-07 10:07:35');

-- --------------------------------------------------------

--
-- Cấu trúc bảng cho bảng `role_user`
--

CREATE TABLE `role_user` (
  `id` bigint(20) UNSIGNED NOT NULL,
  `user_id` bigint(20) UNSIGNED NOT NULL,
  `role_id` bigint(20) UNSIGNED NOT NULL,
  `created_at` timestamp NULL DEFAULT NULL,
  `updated_at` timestamp NULL DEFAULT NULL
) ENGINE=InnoDB DEFAULT CHARSET=utf8mb4 COLLATE=utf8mb4_unicode_ci;

--
-- Đang đổ dữ liệu cho bảng `role_user`
--

INSERT INTO `role_user` (`id`, `user_id`, `role_id`, `created_at`, `updated_at`) VALUES
(1, 9, 2, NULL, NULL),
(2, 10, 2, NULL, NULL),
(5, 12, 1, NULL, NULL),
(12, 1, 1, NULL, NULL),
(14, 13, 6, NULL, NULL),
(15, 2, 2, NULL, NULL),
(17, 18, 6, NULL, NULL),
(19, 15, 6, NULL, NULL),
(20, 19, 2, NULL, NULL),
(21, 16, 2, NULL, NULL),
(23, 21, 1, NULL, NULL),
(24, 22, 2, NULL, NULL),
(25, 23, 2, NULL, NULL),
(26, 24, 2, NULL, NULL),
(27, 25, 2, NULL, NULL),
(28, 28, 2, NULL, NULL),
(30, 29, 2, NULL, NULL);

-- --------------------------------------------------------

--
-- Cấu trúc bảng cho bảng `topic`
--

CREATE TABLE `topic` (
  `id` bigint(20) UNSIGNED NOT NULL,
  `name` varchar(255) COLLATE utf8mb4_unicode_ci NOT NULL,
  `created_at` timestamp NULL DEFAULT NULL,
  `updated_at` timestamp NULL DEFAULT NULL,
  `deleted_at` timestamp NULL DEFAULT NULL,
  `slug` varchar(255) COLLATE utf8mb4_unicode_ci NOT NULL
) ENGINE=InnoDB DEFAULT CHARSET=utf8mb4 COLLATE=utf8mb4_unicode_ci;

--
-- Đang đổ dữ liệu cho bảng `topic`
--

INSERT INTO `topic` (`id`, `name`, `created_at`, `updated_at`, `deleted_at`, `slug`) VALUES
(1, 'thể thao', '2022-04-04 07:39:32', '2022-04-04 07:39:40', '2022-04-13 04:40:38', ''),
(11, 'Giáo dục', NULL, NULL, '2022-04-14 04:48:36', ''),
(13, 'Chính trị', NULL, NULL, NULL, 'chinh-tri'),
(14, 'Pháp luật', NULL, NULL, '2022-04-14 04:48:32', ''),
(15, 'Xã hội', NULL, NULL, '2022-04-14 07:49:49', ''),
(16, 'sdf', NULL, NULL, '2022-04-13 10:41:30', ''),
(17, 'ádá', NULL, NULL, '2022-04-13 10:49:03', ''),
(18, '123132', NULL, NULL, '2022-04-13 16:26:43', ''),
(19, '1', NULL, NULL, '2022-04-13 16:30:31', ''),
(20, 'manhádfàd', NULL, NULL, '2022-04-13 16:31:12', ''),
(21, 'Thế giới', NULL, NULL, NULL, 'the-gioi'),
(22, 'ưèwfewa', NULL, NULL, '2022-04-14 04:56:39', ''),
(23, 'ádfádf', NULL, NULL, '2022-04-14 04:57:09', ''),
(24, 'Xã hội', NULL, NULL, NULL, 'xa-hoi'),
(25, 'Kinh doanh', NULL, NULL, NULL, 'kinh-doanh'),
(26, 'Khoa học', NULL, NULL, NULL, 'khoa-hoc'),
(27, 'Giải trí', NULL, NULL, NULL, 'giai-tri'),
(28, 'Du lịch', NULL, NULL, NULL, 'du-lich'),
(29, 'Đời sống', NULL, NULL, NULL, 'doi-song'),
(30, 'Sức Khỏe', NULL, NULL, '2022-04-19 09:31:46', '');

-- --------------------------------------------------------

--
-- Cấu trúc bảng cho bảng `users`
--

CREATE TABLE `users` (
  `id` bigint(20) UNSIGNED NOT NULL,
  `name` varchar(255) COLLATE utf8mb4_unicode_ci NOT NULL,
  `email` varchar(255) COLLATE utf8mb4_unicode_ci NOT NULL,
  `password` varchar(255) COLLATE utf8mb4_unicode_ci NOT NULL,
  `remember_token` varchar(100) COLLATE utf8mb4_unicode_ci DEFAULT NULL,
  `role` tinyint(1) DEFAULT 0,
  `created_at` timestamp NULL DEFAULT NULL,
  `updated_at` timestamp NULL DEFAULT NULL,
  `deleted_at` timestamp NULL DEFAULT NULL
) ENGINE=InnoDB DEFAULT CHARSET=utf8mb4 COLLATE=utf8mb4_unicode_ci;

--
-- Đang đổ dữ liệu cho bảng `users`
--

INSERT INTO `users` (`id`, `name`, `email`, `password`, `remember_token`, `role`, `created_at`, `updated_at`, `deleted_at`) VALUES
(1, 'manh', 'manh123@gmail.com', '$2y$10$Ys1Og5gAGTIYtGntQMMuAOuGXSaq46kZTUuHeqOb3PnqRoF89.WHu', 'iEuaayqKvuwWXVVE7Wa0OEoX5QIpi4pt8PJA0l47GC7ER8YN1AvRJbaGnU6d', 0, '2022-04-03 15:29:48', '2022-04-07 16:08:34', NULL),
(2, 'manh thu 2', 'manh1@gmail.com', '$2y$10$3VvMeAY11zYkuJTiwBD98u3QfLQVbA53qVuJM2im63EM6YnxPxJ3S', NULL, 0, '2022-04-06 04:35:22', '2022-04-08 09:28:35', NULL),
(4, 'manh thu 3', 'manh@gmail.com', '$2y$10$86AC5SktbUEe7PvbGJZXOuVHW.vLINCY.4WvZcaAjwvKebJgfpfS6', NULL, 0, '2022-04-06 04:38:51', '2022-04-06 10:01:56', '2022-04-06 10:01:56'),
(5, 'manh1', 'manh21@gmail.com', '$2y$10$unnqvibljSQXwG2M4N5L9./.XwX9CVIVTdwJrBNIPdnA6FDZNHrNS', NULL, 0, '2022-04-06 04:49:26', '2022-04-06 09:58:13', '2022-04-06 09:58:13'),
(6, 'mnah4', 'm@gmail.com', '$2y$10$kyRki2tOMVTH9p9eKgX2aO6H3ZtYoN9bkgrnNQMr6MjPMy.ds59jO', NULL, 0, '2022-04-06 06:25:04', '2022-04-06 09:58:09', '2022-04-06 09:58:09'),
(7, 'm', 'i@gmail.com', '$2y$10$6fsaKHv0cf4WsrqXctXrvu3PzaVB9bik09psdAu5Xv4/P6zDhYqqu', NULL, 0, '2022-04-06 06:29:30', '2022-04-06 09:56:15', '2022-04-06 09:56:15'),
(8, 'manh', 'manhok@gmail.com', '$2y$10$klMV4oJCRgevHh7mZBJGpO20WyjhsIV2q/A3J71KA32IXsVbnSEiO', NULL, 0, '2022-04-06 06:45:26', '2022-04-06 09:56:19', '2022-04-06 09:56:19'),
(9, 'manh12334', 'ok@gmail.com', '$2y$10$rBKPY48Xaq6vDFEo5iydrurZpYCF4c4Hl.eV7E7eLTLX7oaGgZwWy', NULL, 0, '2022-04-06 06:51:42', '2022-04-06 09:56:07', '2022-04-06 09:56:07'),
(10, 'manh', 'oke@gmail.com', '$2y$10$N1OZbskmn/ks6Qo8KZX3JeImEGyPUcldR6BWY0HM3jMoiQBMyDLxi', NULL, 0, '2022-04-06 06:52:37', '2022-04-06 09:51:44', '2022-04-06 09:51:44'),
(11, 'manh123465', 'mm@gmail.com', '$2y$10$P5t4ICn8U1L67zcK8caDjeIjrmcldI1LSrnG2eXJnffBxKx4mT8r2', NULL, 0, '2022-04-06 08:05:01', '2022-04-06 09:51:40', '2022-04-06 09:51:40'),
(12, 'ok123', '123m@gmail.com', '$2y$10$hE9qsHnt06/5Ef/1nQN5POCM7jGMCZlTbbtdAIq1D/D5BAVeiJdsi', NULL, 0, '2022-04-06 08:27:06', '2022-04-06 09:49:01', '2022-04-06 09:49:01'),
(13, 'manh123333', 'j@gmail.com', '$2y$10$.iOyBwLuOi2MmumuKOKJKuXR1bAvX4eFuEtyCxScxGzpJmdNb7tCy', NULL, 0, '2022-04-06 10:02:15', '2022-04-08 02:26:09', NULL),
(15, 'manh7897', 'o123k@gmail.com', '$2y$10$kuG2qyQ8p9y73P7puOafy.scG.yAT3G3Od3B9DzAQe7ThyXHLppWG', NULL, 0, '2022-04-06 10:03:59', '2022-04-14 07:49:49', '2022-04-14 07:49:49'),
(16, 'manh2k', 'manh2k@gmail.com', '$2y$10$6TXQeu.e0oOvo1s3rgK3rOVGv.0/tPTlkGLQb4QW5CGeu2Bbva3gi', NULL, 0, '2022-04-08 02:32:40', '2022-04-13 04:24:44', '2022-04-13 04:24:44'),
(18, 'manh2k', 'manh2k123@gmail.com', '$2y$10$rOMecDEBwQKLp4RBBsPblO0WBRBnNIxhvZCF9JT7dacN3o.VxRbSi', NULL, 0, '2022-04-08 02:32:58', '2022-04-14 04:48:23', '2022-04-14 04:48:23'),
(19, 'manh@@@', 'okoo@gmail.com', '$2y$10$kHaXDVZJnnU8MNQeHTa/ved6PJC1sokY8cEr.1PsjeJ9PkeGDXC2u', NULL, 0, '2022-04-08 02:33:41', '2022-04-14 04:20:55', '2022-04-14 04:20:55'),
(21, 'đá', 'm12@gmail.com', '$2y$10$.fabXjwSCwkhbxdYFbEV2emsEdNh0ugtroiP6RLjAf1nRV4q45RzS', NULL, 0, '2022-04-12 03:18:03', '2022-04-13 04:38:13', NULL),
(22, 'ê', 'ok1234@gmail.com', '$2y$10$ITxCf.prD7H3V7FXohJYAuQB7IZrook/de8TdB0pHAj3ceiAHpowm', NULL, 0, '2022-04-14 04:36:37', '2022-04-14 04:36:44', '2022-04-14 04:36:44'),
(23, 'ấdfsa', '456@gmail.com', '$2y$10$iRJLibNIgkHbUOER0kduHev17NFRCQKnCkI5GREI5Ibss8R2Owve2', NULL, 0, '2022-04-14 04:37:37', '2022-04-14 04:37:47', '2022-04-14 04:37:47'),
(24, 'ádfá', '999@gmail.com', '$2y$10$I945hTf8TRc2NuUrn13mXekpQMMx.LiLmnSxKAtQsON5gYk0HRPl2', NULL, 0, '2022-04-14 04:38:14', '2022-04-14 04:38:20', '2022-04-14 04:38:20'),
(25, '01293102', '12@gmail.com', '$2y$10$7UgSojXt.SQo.aFs4x7oleieS3Vl9XfDWJ3VimUWcj.zwexHCZMH6', NULL, 0, '2022-04-14 04:40:48', '2022-04-14 04:41:55', '2022-04-14 04:41:55'),
(28, 'àđà', 'j2@gmail.com', '$2y$10$YJMmlWRXI9VONHBahv2Moe2W8y0zAsIGGxiSMnUAYChg2v94Vstfu', NULL, 0, '2022-04-14 07:04:31', '2022-04-14 07:04:31', NULL),
(29, 'alomanh123', 'manh1234567890@gmail.com', '$2y$10$j5cgpILHSAw0Oec38Sv9E./eo0WHsFsaJaA16rCBdTk6eBH8GqKcW', NULL, 0, '2022-04-15 09:17:31', '2022-04-15 09:17:31', NULL);

--
-- Chỉ mục cho các bảng đã đổ
--

--
-- Chỉ mục cho bảng `comment`
--
ALTER TABLE `comment`
  ADD PRIMARY KEY (`id`);

--
-- Chỉ mục cho bảng `migrations`
--
ALTER TABLE `migrations`
  ADD PRIMARY KEY (`id`);

--
-- Chỉ mục cho bảng `password_resets`
--
ALTER TABLE `password_resets`
  ADD KEY `password_resets_email_index` (`email`);

--
-- Chỉ mục cho bảng `permissions`
--
ALTER TABLE `permissions`
  ADD PRIMARY KEY (`id`);

--
-- Chỉ mục cho bảng `permissions_role`
--
ALTER TABLE `permissions_role`
  ADD PRIMARY KEY (`id`),
  ADD KEY `permissions_role_permission_id_foreign` (`permission_id`),
  ADD KEY `permissions_role_role_id_foreign` (`role_id`);

--
-- Chỉ mục cho bảng `posts`
--
ALTER TABLE `posts`
  ADD PRIMARY KEY (`id`);

--
-- Chỉ mục cho bảng `roles`
--
ALTER TABLE `roles`
  ADD PRIMARY KEY (`id`),
  ADD UNIQUE KEY `roles_name_unique` (`name`);

--
-- Chỉ mục cho bảng `role_user`
--
ALTER TABLE `role_user`
  ADD PRIMARY KEY (`id`),
  ADD KEY `role_user_user_id_foreign` (`user_id`),
  ADD KEY `role_user_role_id_foreign` (`role_id`);

--
-- Chỉ mục cho bảng `topic`
--
ALTER TABLE `topic`
  ADD PRIMARY KEY (`id`);

--
-- Chỉ mục cho bảng `users`
--
ALTER TABLE `users`
  ADD PRIMARY KEY (`id`),
  ADD UNIQUE KEY `users_email_unique` (`email`);

--
-- AUTO_INCREMENT cho các bảng đã đổ
--

--
-- AUTO_INCREMENT cho bảng `comment`
--
ALTER TABLE `comment`
  MODIFY `id` bigint(20) UNSIGNED NOT NULL AUTO_INCREMENT;

--
-- AUTO_INCREMENT cho bảng `migrations`
--
ALTER TABLE `migrations`
  MODIFY `id` int(10) UNSIGNED NOT NULL AUTO_INCREMENT, AUTO_INCREMENT=23;

--
-- AUTO_INCREMENT cho bảng `permissions`
--
ALTER TABLE `permissions`
  MODIFY `id` bigint(20) UNSIGNED NOT NULL AUTO_INCREMENT, AUTO_INCREMENT=20;

--
-- AUTO_INCREMENT cho bảng `permissions_role`
--
ALTER TABLE `permissions_role`
  MODIFY `id` bigint(20) UNSIGNED NOT NULL AUTO_INCREMENT, AUTO_INCREMENT=81;

--
-- AUTO_INCREMENT cho bảng `posts`
--
ALTER TABLE `posts`
  MODIFY `id` bigint(20) UNSIGNED NOT NULL AUTO_INCREMENT, AUTO_INCREMENT=70;

--
-- AUTO_INCREMENT cho bảng `roles`
--
ALTER TABLE `roles`
  MODIFY `id` bigint(20) UNSIGNED NOT NULL AUTO_INCREMENT, AUTO_INCREMENT=8;

--
-- AUTO_INCREMENT cho bảng `role_user`
--
ALTER TABLE `role_user`
  MODIFY `id` bigint(20) UNSIGNED NOT NULL AUTO_INCREMENT, AUTO_INCREMENT=31;

--
-- AUTO_INCREMENT cho bảng `topic`
--
ALTER TABLE `topic`
  MODIFY `id` bigint(20) UNSIGNED NOT NULL AUTO_INCREMENT, AUTO_INCREMENT=31;

--
-- AUTO_INCREMENT cho bảng `users`
--
ALTER TABLE `users`
  MODIFY `id` bigint(20) UNSIGNED NOT NULL AUTO_INCREMENT, AUTO_INCREMENT=30;

--
-- Các ràng buộc cho các bảng đã đổ
--

--
-- Các ràng buộc cho bảng `permissions_role`
--
ALTER TABLE `permissions_role`
  ADD CONSTRAINT `permissions_role_permission_id_foreign` FOREIGN KEY (`permission_id`) REFERENCES `permissions` (`id`) ON DELETE CASCADE,
  ADD CONSTRAINT `permissions_role_role_id_foreign` FOREIGN KEY (`role_id`) REFERENCES `roles` (`id`) ON DELETE CASCADE;

--
-- Các ràng buộc cho bảng `role_user`
--
ALTER TABLE `role_user`
  ADD CONSTRAINT `role_user_role_id_foreign` FOREIGN KEY (`role_id`) REFERENCES `roles` (`id`) ON DELETE CASCADE,
  ADD CONSTRAINT `role_user_user_id_foreign` FOREIGN KEY (`user_id`) REFERENCES `users` (`id`) ON DELETE CASCADE;
COMMIT;

/*!40101 SET CHARACTER_SET_CLIENT=@OLD_CHARACTER_SET_CLIENT */;
/*!40101 SET CHARACTER_SET_RESULTS=@OLD_CHARACTER_SET_RESULTS */;
/*!40101 SET COLLATION_CONNECTION=@OLD_COLLATION_CONNECTION */;
